Product Name,Product Price,Sale Discount,Best Seller Rating,Ship From,Sold By,Rating,Product Description,Number Bought in the Past Month,Category Name,All Available Images
Orient Electric Areva Portable Room Heater | 2000W | Two Heating Modes | Advanced Overheat Protection | Horizontal & Vertical Mount | 1-year replacement warranty by Orient | White,"₹1,499.00","₹1,499.00",4.0 out of 5 stars,N/A,N/A,4.0 out of 5 stars,Orient Electric Areva Portable Room Heater | 2000W | Two Heating Modes | Advanced Overheat Protection | Horizontal & Vertical Mount | 1-year replacement warranty by Orient | White,N/A,bestsellers,"['https://images-eu.ssl-images-amazon.com/images/I/71QfC+NELFL._AC_UL900_SR900,600_.jpg']"
Orpat OEH-1220 2000-Watt Fan Heater (White),"₹1,249.00","₹1,249.00",4.1 out of 5 stars,N/A,N/A,4.1 out of 5 stars,Orpat OEH-1220 2000-Watt Fan Heater (White),N/A,bestsellers,"['https://images-eu.ssl-images-amazon.com/images/I/81Pm1MEvURL._AC_UL900_SR900,600_.jpg']"
"Amazon Brand - Presto! Garbage Bags Medium 180 Count|19 x 21 inches Black , For Dry & Wet waste|30 bags/roll (Pack of 6)",₹326.00,₹326.00,4.4 out of 5 stars,N/A,N/A,4.4 out of 5 stars,"Amazon Brand - Presto! Garbage Bags Medium 180 Count|19 x 21 inches Black , For Dry & Wet waste|30 bags/roll (Pack of 6)",N/A,bestsellers,"['https://images-eu.ssl-images-amazon.com/images/I/71IB+2LNNBL._AC_UL900_SR900,600_.jpg']"
"ATOM Digital Kitchen Food Weighing Scale For Healthy Living, Home Baking, Cooking, Fitness & Balanced Diet. | 1 Year Warranty | 10Kg x 1gms with 2 Batteries Included, SF400/A121, Color May vary",₹199.00,₹199.00,3.9 out of 5 stars,N/A,N/A,3.9 out of 5 stars,"ATOM Digital Kitchen Food Weighing Scale For Healthy Living, Home Baking, Cooking, Fitness & Balanced Diet. | 1 Year Warranty | 10Kg x 1gms with 2 Batteries Included, SF400/A121, Color May vary",N/A,bestsellers,"['https://images-eu.ssl-images-amazon.com/images/I/51Jp1JZdU-L._AC_UL900_SR900,600_.jpg']"
Ezee Black Garbage Bags for Dustbin | 90 Pcs | Medium 19 X 21 Inches | 30 Pcs x Pack of 3,₹159.00,₹159.00,4.2 out of 5 stars,N/A,N/A,4.2 out of 5 stars,Ezee Black Garbage Bags for Dustbin | 90 Pcs | Medium 19 X 21 Inches | 30 Pcs x Pack of 3,N/A,bestsellers,"['https://images-eu.ssl-images-amazon.com/images/I/71erHCKJ3WL._AC_UL900_SR900,600_.jpg']"
One94Store 3D Deer Crystal Globe Lamp Creative Engraved Crystal Ball Night Light USB Table LED Wooden Crystal Ball for Home Office Decoration Birthday Gift Adults (Deer 6cm)(Warm White),₹299.00,₹299.00,4.0 out of 5 stars,N/A,N/A,4.0 out of 5 stars,One94Store 3D Deer Crystal Globe Lamp Creative Engraved Crystal Ball Night Light USB Table LED Wooden Crystal Ball for Home Office Decoration Birthday Gift Adults (Deer 6cm)(Warm White),N/A,bestsellers,"['https://images-eu.ssl-images-amazon.com/images/I/61vihvwHdBL._AC_UL900_SR900,600_.jpg']"
"Pigeon by Stovekraft Amaze Plus Electric Kettle (14289) with Stainless Steel Body, 1.5 litre, used for boiling Water, making tea and coffee, instant noodles, soup etc. (Silver)",₹599.00,₹599.00,3.9 out of 5 stars,N/A,N/A,3.9 out of 5 stars,"Pigeon by Stovekraft Amaze Plus Electric Kettle (14289) with Stainless Steel Body, 1.5 litre, used for boiling Water, making tea and coffee, instant noodles, soup etc. (Silver)",N/A,bestsellers,"['https://images-eu.ssl-images-amazon.com/images/I/51DGcy8eBCL._AC_UL900_SR900,600_.jpg']"
"AGARO Elite Lint Remover With Power Cord for Woollen Sweaters, Blankets, Jackets/Burr Remover Pill Remover from Carpets, Curtains",₹379.00,₹379.00,4.3 out of 5 stars,N/A,N/A,4.3 out of 5 stars,"AGARO Elite Lint Remover With Power Cord for Woollen Sweaters, Blankets, Jackets/Burr Remover Pill Remover from Carpets, Curtains",N/A,bestsellers,"['https://images-eu.ssl-images-amazon.com/images/I/712Rc9YYmCL._AC_UL900_SR900,600_.jpg']"
"Zulaxy Photo Frame Hooks for Wall Without Drilling, 10 Pack Self Adhesive Hooks for Wall Heavy Duty Strong Nail Free for Hanging Photo Frame (Hanging Hook, Transparent) Stainless Steel",₹274.00,₹274.00,3.8 out of 5 stars,N/A,N/A,3.8 out of 5 stars,"Zulaxy Photo Frame Hooks for Wall Without Drilling, 10 Pack Self Adhesive Hooks for Wall Heavy Duty Strong Nail Free for Hanging Photo Frame (Hanging Hook, Transparent) Stainless Steel",N/A,bestsellers,"['https://images-eu.ssl-images-amazon.com/images/I/61uaI9IfRUL._AC_UL900_SR900,600_.jpg']"
"MILTON Aura 1000 Thermosteel Bottle, 1050 ml Water Bottles, 24 Hours Hot and Cold, Easy to Carry, Easy Grip, Rust Proof, Tea, Coffee, Office, Travel Bottle, Black",₹932.00,₹932.00,4.3 out of 5 stars,N/A,N/A,4.3 out of 5 stars,"MILTON Aura 1000 Thermosteel Bottle, 1050 ml Water Bottles, 24 Hours Hot and Cold, Easy to Carry, Easy Grip, Rust Proof, Tea, Coffee, Office, Travel Bottle, Black",N/A,bestsellers,"['https://images-eu.ssl-images-amazon.com/images/I/51-NKrTs99L._AC_UL900_SR900,600_.jpg']"
"Milton Thermosteel Flip Lid Flask, 1000 milliliters, Silver",₹964.00,₹964.00,4.2 out of 5 stars,N/A,N/A,4.2 out of 5 stars,"Milton Thermosteel Flip Lid Flask, 1000 milliliters, Silver",N/A,bestsellers,"['https://images-eu.ssl-images-amazon.com/images/I/81jAcDybJPL._AC_UL900_SR900,600_.jpg']"
"Amazon Brand - Presto! Garbage Bags Large 90 Count|24 x 32 Inches Black , For Dry & Wet waste|15 bags/roll (Pack of 6)",₹325.00,₹325.00,4.3 out of 5 stars,N/A,N/A,4.3 out of 5 stars,"Amazon Brand - Presto! Garbage Bags Large 90 Count|24 x 32 Inches Black , For Dry & Wet waste|15 bags/roll (Pack of 6)",N/A,bestsellers,"['https://images-eu.ssl-images-amazon.com/images/I/71TZMvymzgL._AC_UL900_SR900,600_.jpg']"
"HomeStrap Set Of 6 Non-Woven Printed Saree Cover/Cloth Storage/Wardrobe Organizer For Clothes With Transparent Window(Grey)(Shark Tank Featured),45 Cm,22 Cm",₹349.00,₹349.00,4.0 out of 5 stars,N/A,N/A,4.0 out of 5 stars,"HomeStrap Set Of 6 Non-Woven Printed Saree Cover/Cloth Storage/Wardrobe Organizer For Clothes With Transparent Window(Grey)(Shark Tank Featured),45 Cm,22 Cm",N/A,bestsellers,"['https://images-eu.ssl-images-amazon.com/images/I/71zjvUApaRL._AC_UL900_SR900,600_.jpg']"
Indian Karigar Santa Cap Plush Fur Christmas Cap Unisex Santa Hat for Adult & Kids Comfortable Soft Free Size Santa Clause Hat Cap Christmas Decorations Items Christmas Decor Santa Caps Set of 1 Red,₹179.00,₹179.00,3.9 out of 5 stars,N/A,N/A,3.9 out of 5 stars,Indian Karigar Santa Cap Plush Fur Christmas Cap Unisex Santa Hat for Adult & Kids Comfortable Soft Free Size Santa Clause Hat Cap Christmas Decorations Items Christmas Decor Santa Caps Set of 1 Red,N/A,bestsellers,"['https://images-eu.ssl-images-amazon.com/images/I/61w+c4AblWL._AC_UL900_SR900,600_.jpg']"
"Wakefit 100% Waterproof Premium Cotton Mattress Protector | Breathable and Hypoallergenic Ultra Soft Fitted Bed Protector 78""x72"" - King, Grey","₹1,048.00","₹1,048.00",4.3 out of 5 stars,N/A,N/A,4.3 out of 5 stars,"Wakefit 100% Waterproof Premium Cotton Mattress Protector | Breathable and Hypoallergenic Ultra Soft Fitted Bed Protector 78""x72"" - King, Grey",N/A,bestsellers,"['https://images-eu.ssl-images-amazon.com/images/I/61sRf7oDELL._AC_UL900_SR900,600_.jpg']"
"Misamo Enterprise PVC Wall Hooks, Pack of 15, Transparent",₹189.00,₹189.00,4.1 out of 5 stars,N/A,N/A,4.1 out of 5 stars,"Misamo Enterprise PVC Wall Hooks, Pack of 15, Transparent",N/A,bestsellers,"['https://images-eu.ssl-images-amazon.com/images/I/61ihAmUosAL._AC_UL900_SR900,600_.jpg']"
Bajaj Immersion 1500 Watts Water Heater Rod | Nickel Plated Heating| Copper | ISI Certified | 2 Years Warranty | Silver,₹599.00,₹599.00,4.1 out of 5 stars,N/A,N/A,4.1 out of 5 stars,Bajaj Immersion 1500 Watts Water Heater Rod | Nickel Plated Heating| Copper | ISI Certified | 2 Years Warranty | Silver,N/A,bestsellers,"['https://images-eu.ssl-images-amazon.com/images/I/51LHdd3h33L._AC_UL900_SR900,600_.jpg']"
Shalimar Premium Garbage Bags (Lavender Fragrance) Size 19 X 21 Inches (Medium) 120 Bags (4 Rolls) Dustbin Bag/Trash Bag - Black Color,₹299.00,₹299.00,4.5 out of 5 stars,N/A,N/A,4.5 out of 5 stars,Shalimar Premium Garbage Bags (Lavender Fragrance) Size 19 X 21 Inches (Medium) 120 Bags (4 Rolls) Dustbin Bag/Trash Bag - Black Color,N/A,bestsellers,"['https://images-eu.ssl-images-amazon.com/images/I/71lXH8K7D9L._AC_UL900_SR900,600_.jpg']"
"Desidiya® 2.5m Reindeer LED Curtain String Lights - 8 Flashing Modes, Warm White Festive Window Curtain Lights for Christmas Décor and Holiday Ambiance",₹599.00,₹599.00,3.9 out of 5 stars,N/A,N/A,3.9 out of 5 stars,"Desidiya® 2.5m Reindeer LED Curtain String Lights - 8 Flashing Modes, Warm White Festive Window Curtain Lights for Christmas Décor and Holiday Ambiance",N/A,bestsellers,"['https://images-eu.ssl-images-amazon.com/images/I/41ZfcHvAYEL._AC_UL900_SR900,600_.jpg']"
ALOXE Cosmetic Organizer Box Drawers Storage Plastic Stationary Box | Make Up Organiser For Women,₹198.00,₹198.00,4.0 out of 5 stars,N/A,N/A,4.0 out of 5 stars,ALOXE Cosmetic Organizer Box Drawers Storage Plastic Stationary Box | Make Up Organiser For Women,N/A,bestsellers,"['https://images-eu.ssl-images-amazon.com/images/I/71a0mwTxooL._AC_UL900_SR900,600_.jpg']"
"GO WELL Nova Lint Remover, Fabric Brush, Rechargeable, for Woolen Sweaters, Clothes, Shirts, Jackets, Burr Remover, Pill Remover from Carpets, Curtains.",₹399.00,₹399.00,4.8 out of 5 stars,N/A,N/A,4.8 out of 5 stars,"GO WELL Nova Lint Remover, Fabric Brush, Rechargeable, for Woolen Sweaters, Clothes, Shirts, Jackets, Burr Remover, Pill Remover from Carpets, Curtains.",N/A,bestsellers,"['https://images-eu.ssl-images-amazon.com/images/I/51RSusB+ZRL._AC_UL900_SR900,600_.jpg']"
"The Purple Tree Christmas Reindeer LED Curtain Lights -2.5 M (Pack of 1) Warm White, Lights for Christmas, Christmas Lights, Led Curtain Light, Festive Light,",₹549.00,₹549.00,4.1 out of 5 stars,N/A,N/A,4.1 out of 5 stars,"The Purple Tree Christmas Reindeer LED Curtain Lights -2.5 M (Pack of 1) Warm White, Lights for Christmas, Christmas Lights, Led Curtain Light, Festive Light,",N/A,bestsellers,"['https://images-eu.ssl-images-amazon.com/images/I/51M+quNX+tL._AC_UL900_SR900,600_.jpg']"
"Milton Euroline Go Electro 2.0 Stainless Steel Electric Kettle, 1 Piece, 2 Litre, Silver, Power Indicator, 1500 Watts, Auto Cut-off, Detachable 360 Degree Connector, Boiler for Water, Instant Noodles",₹799.00,₹799.00,3.9 out of 5 stars,N/A,N/A,3.9 out of 5 stars,"Milton Euroline Go Electro 2.0 Stainless Steel Electric Kettle, 1 Piece, 2 Litre, Silver, Power Indicator, 1500 Watts, Auto Cut-off, Detachable 360 Degree Connector, Boiler for Water, Instant Noodles",N/A,bestsellers,"['https://images-eu.ssl-images-amazon.com/images/I/61RxcY0R52S._AC_UL900_SR900,600_.jpg']"
"Trance 100% Waterproof Premium Cotton Feel Mattress Protector King Size, 78x72 Inches | Breathable and Hypoallergenic Ultra Soft Fitted Bed Protector Cover (78""x72"" Fits Upto 10 Inches - King, Grey",₹669.00,₹669.00,4.2 out of 5 stars,N/A,N/A,4.2 out of 5 stars,"Trance 100% Waterproof Premium Cotton Feel Mattress Protector King Size, 78x72 Inches | Breathable and Hypoallergenic Ultra Soft Fitted Bed Protector Cover (78""x72"" Fits Upto 10 Inches - King, Grey",N/A,bestsellers,"['https://images-eu.ssl-images-amazon.com/images/I/51o4CGytTBL._AC_UL900_SR900,600_.jpg']"
Amazon Basics Electric Egg Boiler | 3 Boiling Modes | Automatic Operation | Overheat Protection|75ml|Plastic|White,₹369.00,₹369.00,4.0 out of 5 stars,N/A,N/A,4.0 out of 5 stars,Amazon Basics Electric Egg Boiler | 3 Boiling Modes | Automatic Operation | Overheat Protection|75ml|Plastic|White,N/A,bestsellers,"['https://images-eu.ssl-images-amazon.com/images/I/71tIWqrBr6L._AC_UL900_SR900,600_.jpg']"
"Pigeon 1.5 litre Hot Kettle and Stainless Steel Water Bottle Combo used for boiling Water, Making Tea and Coffee, Instant Noodles, Soup with Auto Shut- off Feature",₹699.00,₹699.00,3.7 out of 5 stars,N/A,N/A,3.7 out of 5 stars,"Pigeon 1.5 litre Hot Kettle and Stainless Steel Water Bottle Combo used for boiling Water, Making Tea and Coffee, Instant Noodles, Soup with Auto Shut- off Feature",N/A,bestsellers,"['https://images-eu.ssl-images-amazon.com/images/I/510sIxSnACL._AC_UL900_SR900,600_.jpg']"
"nutripro Copper Juicer Mixer Grinder - Smoothie Maker - 500 Watts (3 Jars, Silver) - 2 Year Warranty","₹1,799.00","₹1,799.00",4.2 out of 5 stars,N/A,N/A,4.2 out of 5 stars,"nutripro Copper Juicer Mixer Grinder - Smoothie Maker - 500 Watts (3 Jars, Silver) - 2 Year Warranty",N/A,bestsellers,"['https://images-eu.ssl-images-amazon.com/images/I/7152-mn8mKL._AC_UL900_SR900,600_.jpg']"
"Desidiya 12 Stars 138 Led Curtain String Lights Window Curtain Lights with 8 Flashing Modes Decoration for Christmas, Wedding, Party, Home, Patio Lawn Warm White (138 Led-Star, Copper, Pack of 1)",₹399.00,₹399.00,3.9 out of 5 stars,N/A,N/A,3.9 out of 5 stars,"Desidiya 12 Stars 138 Led Curtain String Lights Window Curtain Lights with 8 Flashing Modes Decoration for Christmas, Wedding, Party, Home, Patio Lawn Warm White (138 Led-Star, Copper, Pack of 1)",N/A,bestsellers,"['https://images-eu.ssl-images-amazon.com/images/I/51M-0OzscIL._AC_UL900_SR900,600_.jpg']"
DRUNKEN Slipper For Men and Women Flip Flops Hotel Spa Massage Chappal Bedroom Carpet Slippers Sandal,₹284.00,₹284.00,3.3 out of 5 stars,N/A,N/A,3.3 out of 5 stars,DRUNKEN Slipper For Men and Women Flip Flops Hotel Spa Massage Chappal Bedroom Carpet Slippers Sandal,N/A,bestsellers,"['https://images-eu.ssl-images-amazon.com/images/I/91T-1TJrVQL._AC_UL900_SR900,600_.jpg']"
ASIAN Men's Wonder-13 Sports Running Shoes…,₹549.00,₹549.00,3.9 out of 5 stars,N/A,N/A,3.9 out of 5 stars,ASIAN Men's Wonder-13 Sports Running Shoes…,N/A,bestsellers,"['https://images-eu.ssl-images-amazon.com/images/I/61utX8kBDlL._AC_UL900_SR900,600_.jpg']"
Sparx Men's Slippers,₹250.00,₹250.00,4.1 out of 5 stars,N/A,N/A,4.1 out of 5 stars,Sparx Men's Slippers,N/A,bestsellers,"['https://images-eu.ssl-images-amazon.com/images/I/71-JrD05RaL._AC_UL900_SR900,600_.jpg']"
DOCTOR EXTRA SOFT Doctor Ortho Slippers for Women.,₹399.00,₹399.00,4.0 out of 5 stars,N/A,N/A,4.0 out of 5 stars,DOCTOR EXTRA SOFT Doctor Ortho Slippers for Women.,N/A,bestsellers,"['https://images-eu.ssl-images-amazon.com/images/I/51dMc66bcZL._AC_UL900_SR900,600_.jpg']"
"AIRSON AL-5 Slipper for Women | Orthopedic, Diabetic, Pregnancy | Soft Doctor Anti-Skid Slipper for Women |Slides, Flip-Flops, Slippers, Chappals | For Ladies and Girls",₹329.00,₹329.00,4.1 out of 5 stars,N/A,N/A,4.1 out of 5 stars,"AIRSON AL-5 Slipper for Women | Orthopedic, Diabetic, Pregnancy | Soft Doctor Anti-Skid Slipper for Women |Slides, Flip-Flops, Slippers, Chappals | For Ladies and Girls",N/A,bestsellers,"['https://images-eu.ssl-images-amazon.com/images/I/61FNHdi4cxL._AC_UL900_SR900,600_.jpg']"
DOCTOR HEALTH SUPER SOFT Women's Flip-Flops Slippers | Flip-Flops | Women's & Girl's Slippers | Comfortable & Lightweight | Soft Foot Massager | All Day Wear Flip-Flops Slipper,₹699.00,₹699.00,4.0 out of 5 stars,N/A,N/A,4.0 out of 5 stars,DOCTOR HEALTH SUPER SOFT Women's Flip-Flops Slippers | Flip-Flops | Women's & Girl's Slippers | Comfortable & Lightweight | Soft Foot Massager | All Day Wear Flip-Flops Slipper,N/A,bestsellers,"['https://images-eu.ssl-images-amazon.com/images/I/613HiuDRcfL._AC_UL900_SR900,600_.jpg']"
DOCTOR EXTRA SOFT Doctor Slippers for Women Orthopedic Diabetic Pregnancy Non Slip Lightweight Comfortable Flat Casual Stylish Dr Chappals and House Flip flops For Ladies and Girl’s D-22,₹349.00,₹349.00,4.1 out of 5 stars,N/A,N/A,4.1 out of 5 stars,DOCTOR EXTRA SOFT Doctor Slippers for Women Orthopedic Diabetic Pregnancy Non Slip Lightweight Comfortable Flat Casual Stylish Dr Chappals and House Flip flops For Ladies and Girl’s D-22,N/A,bestsellers,"['https://images-eu.ssl-images-amazon.com/images/I/61gk1cLQ-9L._AC_UL900_SR900,600_.jpg']"
FLITE Men's Flip Flops Thong Slippers,₹219.00,₹219.00,3.9 out of 5 stars,N/A,N/A,3.9 out of 5 stars,FLITE Men's Flip Flops Thong Slippers,N/A,bestsellers,"['https://images-eu.ssl-images-amazon.com/images/I/71Z9XdlDzjL._AC_UL900_SR900,600_.jpg']"
Lavie Women's Ushawu Small Satchel Bag | Ladies Purse Handbag,₹898.00,₹898.00,4.0 out of 5 stars,N/A,N/A,4.0 out of 5 stars,Lavie Women's Ushawu Small Satchel Bag | Ladies Purse Handbag,N/A,bestsellers,"['https://images-eu.ssl-images-amazon.com/images/I/81SRDNUx+kL._AC_UL900_SR900,600_.jpg']"
Dr.Ortho Orthopedic Slippers | Acupressure Slippers | Flip-Flops | For Men & Women's Slippers,₹379.00,₹379.00,4.1 out of 5 stars,N/A,N/A,4.1 out of 5 stars,Dr.Ortho Orthopedic Slippers | Acupressure Slippers | Flip-Flops | For Men & Women's Slippers,N/A,bestsellers,"['https://images-eu.ssl-images-amazon.com/images/I/61Jg6IkTfcL._AC_UL900_SR900,600_.jpg']"
Fargo Leatherette Side White Sling Bags For Women's Ladies,₹99.00,₹99.00,3.2 out of 5 stars,N/A,N/A,3.2 out of 5 stars,Fargo Leatherette Side White Sling Bags For Women's Ladies,N/A,bestsellers,"['https://images-eu.ssl-images-amazon.com/images/I/612WOnKLLML._AC_UL900_SR900,600_.jpg']"
"DOCTOR EXTRA SOFT Flexible Memory Foam Women's Shoes for Walking Gym Training,Casual, Sports,Slip-On,Lightweight Lace up Athletics Slipon Running Sneaker for Ladies and Girls",₹854.00,₹854.00,4.0 out of 5 stars,N/A,N/A,4.0 out of 5 stars,"DOCTOR EXTRA SOFT Flexible Memory Foam Women's Shoes for Walking Gym Training,Casual, Sports,Slip-On,Lightweight Lace up Athletics Slipon Running Sneaker for Ladies and Girls",N/A,bestsellers,"['https://images-eu.ssl-images-amazon.com/images/I/61OkTushHbL._AC_UL900_SR900,600_.jpg']"
Campus Men's North Running Shoe,"₹1,199.00","₹1,199.00",3.9 out of 5 stars,N/A,N/A,3.9 out of 5 stars,Campus Men's North Running Shoe,N/A,bestsellers,"['https://images-eu.ssl-images-amazon.com/images/I/71UZLYpHA9L._AC_UL900_SR900,600_.jpg']"
DOCTOR EXTRA SOFT Men's Classic Ultra Soft Sliders/Slippers with Cushion FootBed for Adult | Comfortable & Light Weight | Stylish & Anti-Skid | Waterproof & Everyday Flip Flops for Gents/Boys D-504,₹695.00,₹695.00,4.0 out of 5 stars,N/A,N/A,4.0 out of 5 stars,DOCTOR EXTRA SOFT Men's Classic Ultra Soft Sliders/Slippers with Cushion FootBed for Adult | Comfortable & Light Weight | Stylish & Anti-Skid | Waterproof & Everyday Flip Flops for Gents/Boys D-504,N/A,bestsellers,"['https://images-eu.ssl-images-amazon.com/images/I/61HA3-8XMIL._AC_UL900_SR900,600_.jpg']"
FLITE Women's Fl0366l Slippers,₹174.00,₹174.00,4.0 out of 5 stars,N/A,N/A,4.0 out of 5 stars,FLITE Women's Fl0366l Slippers,N/A,bestsellers,"['https://images-eu.ssl-images-amazon.com/images/I/71Z2rJhL3kL._AC_UL900_SR900,600_.jpg']"
Liberty Boys Gola-schv School Uniform Shoe,₹599.00,₹599.00,3.7 out of 5 stars,N/A,N/A,3.7 out of 5 stars,Liberty Boys Gola-schv School Uniform Shoe,N/A,bestsellers,"['https://images-eu.ssl-images-amazon.com/images/I/51GKXw07rHL._AC_UL900_SR900,600_.jpg']"
Bata 8216 Boss-Grip Black Derby Shoes for Men|Birthday Parties|Family Gatherings|School Performances|Flexible|Other Occasions,₹760.00,₹760.00,3.7 out of 5 stars,N/A,N/A,3.7 out of 5 stars,Bata 8216 Boss-Grip Black Derby Shoes for Men|Birthday Parties|Family Gatherings|School Performances|Flexible|Other Occasions,N/A,bestsellers,"['https://images-eu.ssl-images-amazon.com/images/I/71rYxtbE8SS._AC_UL300_SR300,200_.jpg']"
Lavie Women's Betula Medium Tote Bag | Ladies Purse Handbag,₹868.00,₹868.00,4.1 out of 5 stars,N/A,N/A,4.1 out of 5 stars,Lavie Women's Betula Medium Tote Bag | Ladies Purse Handbag,N/A,bestsellers,"['https://images-eu.ssl-images-amazon.com/images/I/71FgjWcMjTS._AC_UL300_SR300,200_.jpg']"
DOCTOR EXTRA SOFT Womens D-19 slipper,₹399.00,₹399.00,4.0 out of 5 stars,N/A,N/A,4.0 out of 5 stars,DOCTOR EXTRA SOFT Womens D-19 slipper,N/A,bestsellers,"['https://images-eu.ssl-images-amazon.com/images/I/71-bWsEMbXS._AC_UL300_SR300,200_.jpg']"
Bata Women's ORTHO COMFIT LADIES Slippers,₹199.00,₹199.00,4.3 out of 5 stars,N/A,N/A,4.3 out of 5 stars,Bata Women's ORTHO COMFIT LADIES Slippers,N/A,bestsellers,"['https://images-eu.ssl-images-amazon.com/images/I/811kto5K9OL._AC_UL300_SR300,200_.jpg']"
SPARX Mens Sm 675 Walking Shoe,₹799.00,₹799.00,4.1 out of 5 stars,N/A,N/A,4.1 out of 5 stars,SPARX Mens Sm 675 Walking Shoe,N/A,bestsellers,"['https://images-eu.ssl-images-amazon.com/images/I/71MjjKXxiYL._AC_UL300_SR300,200_.jpg']"
TCCO Natural Sneaker & Shoe Cleaner Wipes - 1 Packs of 80 - Portable Sneakers Cleaner Shoe Wipes Quickly Remove Dirt & Stains - These Disposable Shoe Cleaning Wipes Can Be Used On Footwear,₹269.00,₹269.00,4.3 out of 5 stars,N/A,N/A,4.3 out of 5 stars,TCCO Natural Sneaker & Shoe Cleaner Wipes - 1 Packs of 80 - Portable Sneakers Cleaner Shoe Wipes Quickly Remove Dirt & Stains - These Disposable Shoe Cleaning Wipes Can Be Used On Footwear,N/A,bestsellers,"['https://images-eu.ssl-images-amazon.com/images/I/71vb1+-y+vL._AC_UL300_SR300,200_.jpg']"
Campus Women's Kurstin Walking Shoe,₹934.00,₹934.00,4.0 out of 5 stars,N/A,N/A,4.0 out of 5 stars,Campus Women's Kurstin Walking Shoe,N/A,bestsellers,"['https://images-eu.ssl-images-amazon.com/images/I/61iq1hFHTfL._AC_UL300_SR300,200_.jpg']"
"Frido Dual Gel Heavy Duty Trimmable Insoles, For Loose Shoes or Replacing Existing Insoles, Thick Shoe Inserts, Extra Comfort and Support, Proudly Made in India, (Size 8-13 UK) - Pack of 1 Pair",₹678.00,₹678.00,3.8 out of 5 stars,N/A,N/A,3.8 out of 5 stars,"Frido Dual Gel Heavy Duty Trimmable Insoles, For Loose Shoes or Replacing Existing Insoles, Thick Shoe Inserts, Extra Comfort and Support, Proudly Made in India, (Size 8-13 UK) - Pack of 1 Pair",N/A,bestsellers,"['https://images-eu.ssl-images-amazon.com/images/I/716Mf4sDXsL._AC_UL300_SR300,200_.jpg']"
Campus Mens Oxyfit (N) Walking Shoes,₹729.00,₹729.00,4.1 out of 5 stars,N/A,N/A,4.1 out of 5 stars,Campus Mens Oxyfit (N) Walking Shoes,N/A,bestsellers,"['https://images-eu.ssl-images-amazon.com/images/I/51TGpNgDP2L._AC_UL300_SR300,200_.jpg']"
Bacca Bucci FLAME Original 7-Eye Moto Inspired Mild water proof High top ankle Snow boots for Men,"₹1,709.00","₹1,709.00",4.1 out of 5 stars,N/A,N/A,4.1 out of 5 stars,Bacca Bucci FLAME Original 7-Eye Moto Inspired Mild water proof High top ankle Snow boots for Men,N/A,bestsellers,"['https://images-eu.ssl-images-amazon.com/images/I/61LL-8KcciL._AC_UL300_SR300,200_.jpg']"
ASIAN Men's TARZAN-11 Casual Sneaker Shoes with Synthetic Upper Lightweight Comfortable Mid Top Sneaker Shoes for Men's & Boy's,₹729.00,₹729.00,3.8 out of 5 stars,N/A,N/A,3.8 out of 5 stars,ASIAN Men's TARZAN-11 Casual Sneaker Shoes with Synthetic Upper Lightweight Comfortable Mid Top Sneaker Shoes for Men's & Boy's,N/A,bestsellers,"['https://images-eu.ssl-images-amazon.com/images/I/71cflgAolqL._AC_UL300_SR300,200_.jpg']"
YOHO Bubbles Women Ortho slippers | Soft comfortable and stylish flip flop slippers for Women in exciting colors |Lightweight | Anti Skid | Daily Use Chappal,₹490.00,₹490.00,4.0 out of 5 stars,N/A,N/A,4.0 out of 5 stars,YOHO Bubbles Women Ortho slippers | Soft comfortable and stylish flip flop slippers for Women in exciting colors |Lightweight | Anti Skid | Daily Use Chappal,N/A,bestsellers,"['https://images-eu.ssl-images-amazon.com/images/I/81W5efdudAL._AC_UL300_SR300,200_.jpg']"
ZOUK Printed Women's Hand Crafted Vegan Leather Flap Sling Bag,"₹1,199.00","₹1,199.00",4.3 out of 5 stars,N/A,N/A,4.3 out of 5 stars,ZOUK Printed Women's Hand Crafted Vegan Leather Flap Sling Bag,N/A,bestsellers,"['https://images-eu.ssl-images-amazon.com/images/I/71aSQc30GWL._AC_UL300_SR300,200_.jpg']"
"Nivia Flash 2.0 Badminton Shoes for Men | Your Go-to Shoe for Pickleball, Padel, and All Court Sports | Badminton Sports Shoes | (Blue/White/Sky Blue)",₹949.00,₹949.00,4.0 out of 5 stars,N/A,N/A,4.0 out of 5 stars,"Nivia Flash 2.0 Badminton Shoes for Men | Your Go-to Shoe for Pickleball, Padel, and All Court Sports | Badminton Sports Shoes | (Blue/White/Sky Blue)",N/A,bestsellers,"['https://images-eu.ssl-images-amazon.com/images/I/51PnqyfVGZL._AC_UL300_SR300,200_.jpg']"
"Ambrane Unbreakable 3A Fast Charging 1.5m Braided Type C Cable for Smartphones, Tablets & other Type C devices, 480Mbps Data Sync, Quick Charge 3.0 (RCT15A, Black)",₹179.00,₹179.00,4.0 out of 5 stars,N/A,N/A,4.0 out of 5 stars,"Ambrane Unbreakable 3A Fast Charging 1.5m Braided Type C Cable for Smartphones, Tablets & other Type C devices, 480Mbps Data Sync, Quick Charge 3.0 (RCT15A, Black)",N/A,bestsellers,"['https://images-eu.ssl-images-amazon.com/images/I/61UzQMCRaeL._AC_UL900_SR900,600_.jpg']"
"FUR JADEN Anti Theft Number Lock Backpack Bag with 15.6 Inch Laptop Compartment, USB Charging Port & Organizer Pocket for Men Women Boys Girls",₹649.00,₹649.00,4.0 out of 5 stars,N/A,N/A,4.0 out of 5 stars,"FUR JADEN Anti Theft Number Lock Backpack Bag with 15.6 Inch Laptop Compartment, USB Charging Port & Organizer Pocket for Men Women Boys Girls",N/A,bestsellers,"['https://images-eu.ssl-images-amazon.com/images/I/61egMfcDWlL._AC_UL900_SR900,600_.jpg']"
STRIFF Adjustable Laptop Tabletop Stand Patented Riser Ventilated Portable Foldable Compatible with MacBook Notebook Tablet Tray Desk Table Book with Free Phone Stand (Black),₹279.00,₹279.00,4.3 out of 5 stars,N/A,N/A,4.3 out of 5 stars,STRIFF Adjustable Laptop Tabletop Stand Patented Riser Ventilated Portable Foldable Compatible with MacBook Notebook Tablet Tray Desk Table Book with Free Phone Stand (Black),N/A,bestsellers,"['https://images-eu.ssl-images-amazon.com/images/I/71Zf9uUp+GL._AC_UL300_SR300,200_.jpg']"
"Dyazo 6 Angles Adjustable Aluminum Ergonomic Foldable Portable Tabletop Laptop/Desktop Riser Stand Holder Compatible for MacBook, HP, Dell, Lenovo & All Other Notebook (Silver)",₹399.00,₹399.00,4.3 out of 5 stars,N/A,N/A,4.3 out of 5 stars,"Dyazo 6 Angles Adjustable Aluminum Ergonomic Foldable Portable Tabletop Laptop/Desktop Riser Stand Holder Compatible for MacBook, HP, Dell, Lenovo & All Other Notebook (Silver)",N/A,bestsellers,"['https://images-eu.ssl-images-amazon.com/images/I/61kBmC8NfGL._AC_UL300_SR300,200_.jpg']"
"Logitech M186 Wireless Mouse, 2.4GHz with USB Mini Receiver, 12-Month Battery Life, 1000 DPI Optical Tracking, Ambidextrous, Compatible with PC, Mac, Laptop",₹495.00,₹495.00,4.3 out of 5 stars,N/A,N/A,4.3 out of 5 stars,"Logitech M186 Wireless Mouse, 2.4GHz with USB Mini Receiver, 12-Month Battery Life, 1000 DPI Optical Tracking, Ambidextrous, Compatible with PC, Mac, Laptop",N/A,bestsellers,"['https://images-eu.ssl-images-amazon.com/images/I/41xAn0iwc6L._AC_UL300_SR300,200_.jpg']"
"TP-Link AC750 Wifi Range Extender | Up to 750Mbps | Dual Band WiFi Extender, Repeater, Wifi Signal Booster, Access Point| Easy Set-Up | Extends Wifi to Smart Home & Alexa Devices (RE200)","₹1,799.00","₹1,799.00",4.2 out of 5 stars,N/A,N/A,4.2 out of 5 stars,"TP-Link AC750 Wifi Range Extender | Up to 750Mbps | Dual Band WiFi Extender, Repeater, Wifi Signal Booster, Access Point| Easy Set-Up | Extends Wifi to Smart Home & Alexa Devices (RE200)",N/A,bestsellers,"['https://images-eu.ssl-images-amazon.com/images/I/61+8YQqHC0L._AC_UL300_SR300,200_.jpg']"
"Portronics Toad 23 Wireless Optical Mouse with 2.4GHz, USB Nano Dongle, Optical Orientation, Click Wheel, Adjustable DPI(Black)",₹290.00,₹290.00,4.0 out of 5 stars,N/A,N/A,4.0 out of 5 stars,"Portronics Toad 23 Wireless Optical Mouse with 2.4GHz, USB Nano Dongle, Optical Orientation, Click Wheel, Adjustable DPI(Black)",N/A,bestsellers,"['https://images-eu.ssl-images-amazon.com/images/I/41KuRShR97L._AC_UL300_SR300,200_.jpg']"
"Safari Omega spacious/large laptop backpack with Raincover, college bag, travel bag for men and women, Black, 30 Litre",₹649.00,₹649.00,4.0 out of 5 stars,N/A,N/A,4.0 out of 5 stars,"Safari Omega spacious/large laptop backpack with Raincover, college bag, travel bag for men and women, Black, 30 Litre",N/A,bestsellers,"['https://images-eu.ssl-images-amazon.com/images/I/71maWXZscfL._AC_UL300_SR300,200_.jpg']"
"Dell MS116 Wired Optical Mouse, 1000DPI, LED Tracking, Scrolling Wheel, Plug and Play",₹309.00,₹309.00,4.4 out of 5 stars,N/A,N/A,4.4 out of 5 stars,"Dell MS116 Wired Optical Mouse, 1000DPI, LED Tracking, Scrolling Wheel, Plug and Play",N/A,bestsellers,"['https://images-eu.ssl-images-amazon.com/images/I/51a1LryFTZS._AC_UL300_SR300,200_.jpg']"
"HP v236w USB 2.0 64GB Pen Drive,",₹399.00,₹399.00,4.2 out of 5 stars,N/A,N/A,4.2 out of 5 stars,"HP v236w USB 2.0 64GB Pen Drive,",N/A,bestsellers,"['https://images-eu.ssl-images-amazon.com/images/I/61xNG4wjOuL._AC_UL300_SR300,200_.jpg']"
"amazon basics Multi Angle Desktop Foldable Stand Tablet/Mobile Stand Holder for iPhone, Android, Samsung, OnePlus, Xiaomi, Smartphones. Portable, for Your Bed,Home, Office, Home (Black)",₹99.00,₹99.00,4.3 out of 5 stars,N/A,N/A,4.3 out of 5 stars,"amazon basics Multi Angle Desktop Foldable Stand Tablet/Mobile Stand Holder for iPhone, Android, Samsung, OnePlus, Xiaomi, Smartphones. Portable, for Your Bed,Home, Office, Home (Black)",N/A,bestsellers,"['https://images-eu.ssl-images-amazon.com/images/I/61JsqY7bVdL._AC_UL300_SR300,200_.jpg']"
"Portronics Toad One Bluetooth Mouse with 2.4 GHz & BT 5.3 Dual Wireless, 6 Buttons, Rechargeable, RGB Lights, Connect 3 Devices, Ergonomic Design for Laptop, Smartphone, Tablet (Black)",₹599.00,₹599.00,4.3 out of 5 stars,N/A,N/A,4.3 out of 5 stars,"Portronics Toad One Bluetooth Mouse with 2.4 GHz & BT 5.3 Dual Wireless, 6 Buttons, Rechargeable, RGB Lights, Connect 3 Devices, Ergonomic Design for Laptop, Smartphone, Tablet (Black)",N/A,bestsellers,"['https://images-eu.ssl-images-amazon.com/images/I/51hZtBRUFBL._AC_UL300_SR300,200_.jpg']"
"Mi Xiaomi 33W Fast Charging Cable USB C Quick Charge 4.0 Soniccharge Cord Compatible withMi, Redmi, iPhone 15 Pro Samsung Galaxy Android Phone Laptop PD Charger Cable (White)",₹219.00,₹219.00,4.3 out of 5 stars,N/A,N/A,4.3 out of 5 stars,"Mi Xiaomi 33W Fast Charging Cable USB C Quick Charge 4.0 Soniccharge Cord Compatible withMi, Redmi, iPhone 15 Pro Samsung Galaxy Android Phone Laptop PD Charger Cable (White)",N/A,bestsellers,"['https://images-eu.ssl-images-amazon.com/images/I/31xhdZB7lxL._AC_UL300_SR300,200_.jpg']"
"Zebronics Zeb-Power Wired USB Mouse, 3-Button, 1200 DPI Optical Sensor, Plug & Play, for Windows/Mac",₹179.00,₹179.00,3.9 out of 5 stars,N/A,N/A,3.9 out of 5 stars,"Zebronics Zeb-Power Wired USB Mouse, 3-Button, 1200 DPI Optical Sensor, Plug & Play, for Windows/Mac",N/A,bestsellers,"['https://images-eu.ssl-images-amazon.com/images/I/71dVp0dxxvL._AC_UL300_SR300,200_.jpg']"
"Ambrane Unbreakable 60W Fast Charging 1.5M Braided Type C to Type C Cable for Smartphones, Tablets, Laptops & Other Type C Devices, PD Technology, 480Mbps Data Sync (RCTT15, Black)",₹199.00,₹199.00,4.0 out of 5 stars,N/A,N/A,4.0 out of 5 stars,"Ambrane Unbreakable 60W Fast Charging 1.5M Braided Type C to Type C Cable for Smartphones, Tablets, Laptops & Other Type C Devices, PD Technology, 480Mbps Data Sync (RCTT15, Black)",N/A,bestsellers,"['https://images-eu.ssl-images-amazon.com/images/I/71MhtZF5NWL._AC_UL300_SR300,200_.jpg']"
HUMBLE® Spiral Charger Cable Protector Data Cable Saver Charging Cord Protective Cable Cover (25 Pieces),₹99.00,₹99.00,4.1 out of 5 stars,N/A,N/A,4.1 out of 5 stars,HUMBLE® Spiral Charger Cable Protector Data Cable Saver Charging Cord Protective Cable Cover (25 Pieces),N/A,bestsellers,"['https://images-eu.ssl-images-amazon.com/images/I/51w1jj5b2cL._AC_UL300_SR300,200_.jpg']"
STRIFF World Map Extended Size (800 mm x 300 mm x 2 mm) Gaming Mouse Pad| Desk Mat | Stitched Edges| Non-Slip Rubber Base|Computer Laptop|Keyboard Mouse Pad for Office & Home (World Map),₹209.00,₹209.00,4.4 out of 5 stars,N/A,N/A,4.4 out of 5 stars,STRIFF World Map Extended Size (800 mm x 300 mm x 2 mm) Gaming Mouse Pad| Desk Mat | Stitched Edges| Non-Slip Rubber Base|Computer Laptop|Keyboard Mouse Pad for Office & Home (World Map),N/A,bestsellers,"['https://images-eu.ssl-images-amazon.com/images/I/61s6d6BxW4L._AC_UL300_SR300,200_.jpg']"
"Wayona Nylon Braided USB to Lightning Fast Charging and Data Sync Cable Compatible for iPhone 14,13, 12,11,X, 8, 7, 6, 5, iPad Air, Pro, Mini (3 FT Pack of 1, Grey)",₹399.00,₹399.00,4.2 out of 5 stars,N/A,N/A,4.2 out of 5 stars,"Wayona Nylon Braided USB to Lightning Fast Charging and Data Sync Cable Compatible for iPhone 14,13, 12,11,X, 8, 7, 6, 5, iPad Air, Pro, Mini (3 FT Pack of 1, Grey)",N/A,bestsellers,"['https://images-eu.ssl-images-amazon.com/images/I/71ojkmsYe8L._AC_UL300_SR300,200_.jpg']"
Canon PIXMA PG47 Black Ink Cartridge,₹719.00,₹719.00,4.2 out of 5 stars,N/A,N/A,4.2 out of 5 stars,Canon PIXMA PG47 Black Ink Cartridge,N/A,bestsellers,"['https://images-eu.ssl-images-amazon.com/images/I/61xYkbf9BVL._AC_UL300_SR300,200_.jpg']"
"Seagate Expansion 1TB External HDD - USB 3.0 for Windows and Mac with 3 yr Data Recovery Services, Portable Hard Drive (STKM1000400)","₹5,149.00","₹5,149.00",4.4 out of 5 stars,N/A,N/A,4.4 out of 5 stars,"Seagate Expansion 1TB External HDD - USB 3.0 for Windows and Mac with 3 yr Data Recovery Services, Portable Hard Drive (STKM1000400)",N/A,bestsellers,"['https://images-eu.ssl-images-amazon.com/images/I/814SDu24dnL._AC_UL300_SR300,200_.jpg']"
"Apple MacBook Air Laptop: Apple M1 chip, 13.3-inch/33.74 cm Retina Display, 8GB RAM, 256GB SSD Storage, Backlit Keyboard, FaceTime HD Camera, Touch ID. Works with iPhone/iPad; Space Grey","₹56,990.00","₹56,990.00",4.6 out of 5 stars,N/A,N/A,4.6 out of 5 stars,"Apple MacBook Air Laptop: Apple M1 chip, 13.3-inch/33.74 cm Retina Display, 8GB RAM, 256GB SSD Storage, Backlit Keyboard, FaceTime HD Camera, Touch ID. Works with iPhone/iPad; Space Grey",N/A,bestsellers,"['https://images-eu.ssl-images-amazon.com/images/I/71jG+e7roXL._AC_UL300_SR300,200_.jpg']"
"Dyazo Water Resistant Laptop Sleeve with Handle Compatible for 15 Inch to 15.6"" Inches laptops & Notebooks - Grey",₹299.00,₹299.00,4.3 out of 5 stars,N/A,N/A,4.3 out of 5 stars,"Dyazo Water Resistant Laptop Sleeve with Handle Compatible for 15 Inch to 15.6"" Inches laptops & Notebooks - Grey",N/A,bestsellers,"['https://images-eu.ssl-images-amazon.com/images/I/81s4wKEliIL._AC_UL300_SR300,200_.jpg']"
"Dell KB216-Black Multimedia Wired Keyboard with USB Interface, Plunger Keys Technology and Chiclet Key Style, Hot Key-Volume, Mute, Play/Pause, Backward, Forward, Warranty 1 Year.",₹559.00,₹559.00,4.3 out of 5 stars,N/A,N/A,4.3 out of 5 stars,"Dell KB216-Black Multimedia Wired Keyboard with USB Interface, Plunger Keys Technology and Chiclet Key Style, Hot Key-Volume, Mute, Play/Pause, Backward, Forward, Warranty 1 Year.",N/A,bestsellers,"['https://images-eu.ssl-images-amazon.com/images/I/61-kTKQuDUL._AC_UL300_SR300,200_.jpg']"
HP 805 Black Original Ink Cartridge,₹594.00,₹594.00,3.9 out of 5 stars,N/A,N/A,3.9 out of 5 stars,HP 805 Black Original Ink Cartridge,N/A,bestsellers,"['https://images-eu.ssl-images-amazon.com/images/I/71G5sZFioXL._AC_UL300_SR300,200_.jpg']"
"Amazon Basics Foldable Laptop Table with Cup Holder, Tablet Groove and Mini Drawer (Black)",₹599.00,₹599.00,4.1 out of 5 stars,N/A,N/A,4.1 out of 5 stars,"Amazon Basics Foldable Laptop Table with Cup Holder, Tablet Groove and Mini Drawer (Black)",N/A,bestsellers,"['https://images-eu.ssl-images-amazon.com/images/I/411lql4dHlL._AC_UL300_SR300,200_.jpg']"
"Portronics Konnect X 60W Type C to Type C Unbreakable Nylon Braided Cable, 2M Fast Charging Cable for iPhone 15 series, iPad, Samsung Galaxy & other Type C Devices(White)",₹198.00,₹198.00,4.3 out of 5 stars,N/A,N/A,4.3 out of 5 stars,"Portronics Konnect X 60W Type C to Type C Unbreakable Nylon Braided Cable, 2M Fast Charging Cable for iPhone 15 series, iPad, Samsung Galaxy & other Type C Devices(White)",N/A,bestsellers,"['https://images-eu.ssl-images-amazon.com/images/I/61Zp3KE1XzL._AC_UL300_SR300,200_.jpg']"
"SanDisk Ultra Flair 64GB USB 3.0 Pen Drive, Multicolor",₹449.00,₹449.00,4.3 out of 5 stars,N/A,N/A,4.3 out of 5 stars,"SanDisk Ultra Flair 64GB USB 3.0 Pen Drive, Multicolor",N/A,bestsellers,"['https://images-eu.ssl-images-amazon.com/images/I/51uBDIyAZlL._AC_UL300_SR300,200_.jpg']"
"Duracell Usb-A To Type C, 65W Braided Sync & Fast Charging Cable, 3.9 Feet (1.2M), Qc 2.0/3.0 Ultra Fast Charging, For Samsung, Mi, Realme, Oppo, One Plus, Seamless Data Transmission, Series 3, Black",₹358.00,₹358.00,4.1 out of 5 stars,N/A,N/A,4.1 out of 5 stars,"Duracell Usb-A To Type C, 65W Braided Sync & Fast Charging Cable, 3.9 Feet (1.2M), Qc 2.0/3.0 Ultra Fast Charging, For Samsung, Mi, Realme, Oppo, One Plus, Seamless Data Transmission, Series 3, Black",N/A,bestsellers,"['https://images-eu.ssl-images-amazon.com/images/I/71sMR4yd6UL._AC_UL300_SR300,200_.jpg']"
"ZEBRONICS PHERO Wired Gaming Mouse with up to 1600 DPI, Rainbow LED Lights, DPI Switch, High Precision, Plug & Play, 4 Buttons",₹199.00,₹199.00,4.3 out of 5 stars,N/A,N/A,4.3 out of 5 stars,"ZEBRONICS PHERO Wired Gaming Mouse with up to 1600 DPI, Rainbow LED Lights, DPI Switch, High Precision, Plug & Play, 4 Buttons",N/A,bestsellers,"['https://images-eu.ssl-images-amazon.com/images/I/71PfyTreJIL._AC_UL300_SR300,200_.jpg']"
"amazon basics Type A to Micro USB Braided Cable | 3A/18W Fast Charging and 480 Mbps Data Transfer Speed | 1.2m, Tangle Free Cable",₹109.00,₹109.00,3.9 out of 5 stars,N/A,N/A,3.9 out of 5 stars,"amazon basics Type A to Micro USB Braided Cable | 3A/18W Fast Charging and 480 Mbps Data Transfer Speed | 1.2m, Tangle Free Cable",N/A,bestsellers,"['https://images-eu.ssl-images-amazon.com/images/I/71EEh2L+qOL._AC_UL300_SR300,200_.jpg']"
"Redmi A4 5G (Sparkle Purple, 4GB RAM, 128GB Storage) | Global Debut SD 4s Gen 2 | Segment Largest 6.88in 120Hz | 50MP Dual Camera | 18W Fast Charging","₹9,498.00","₹9,498.00",4.3 out of 5 stars,N/A,N/A,4.3 out of 5 stars,"Redmi A4 5G (Sparkle Purple, 4GB RAM, 128GB Storage) | Global Debut SD 4s Gen 2 | Segment Largest 6.88in 120Hz | 50MP Dual Camera | 18W Fast Charging",N/A,bestsellers,"['https://images-eu.ssl-images-amazon.com/images/I/81XmCGfKlWL._AC_UL900_SR900,600_.jpg']"
"iQOO Z9x 5G (Tornado Green, 6GB RAM, 128GB Storage) | Snapdragon 6 Gen 1 with 560k+ AnTuTu Score | 6000mAh Battery with 7.99mm Slim Design | 44W FlashCharge","₹13,999.00","₹13,999.00",4.1 out of 5 stars,N/A,N/A,4.1 out of 5 stars,"iQOO Z9x 5G (Tornado Green, 6GB RAM, 128GB Storage) | Snapdragon 6 Gen 1 with 560k+ AnTuTu Score | 6000mAh Battery with 7.99mm Slim Design | 44W FlashCharge",N/A,bestsellers,"['https://images-eu.ssl-images-amazon.com/images/I/61wHkeTOhWL._AC_UL900_SR900,600_.jpg']"
"Oneplus Bullets Z2 Bluetooth Wireless in Ear Earphones with Mic, Bombastic Bass - 12.4 mm Drivers, 10 Mins Charge - 20 Hrs Music, 30 Hrs Battery Life, IP55 Dust and Water Resistant (Magico Black)","₹1,508.00","₹1,508.00",4.1 out of 5 stars,N/A,N/A,4.1 out of 5 stars,"Oneplus Bullets Z2 Bluetooth Wireless in Ear Earphones with Mic, Bombastic Bass - 12.4 mm Drivers, 10 Mins Charge - 20 Hrs Music, 30 Hrs Battery Life, IP55 Dust and Water Resistant (Magico Black)",N/A,bestsellers,"['https://images-eu.ssl-images-amazon.com/images/I/51UhwaQXCpL._AC_UL300_SR300,200_.jpg']"
"OnePlus Nord Buds 2r True Wireless in Ear Earbuds with Mic, 12.4mm Drivers, Playback:Upto 38hr case,4-Mic Design, IP55 Rating [Deep Grey]","₹1,998.00","₹1,998.00",4.2 out of 5 stars,N/A,N/A,4.2 out of 5 stars,"OnePlus Nord Buds 2r True Wireless in Ear Earbuds with Mic, 12.4mm Drivers, Playback:Upto 38hr case,4-Mic Design, IP55 Rating [Deep Grey]",N/A,bestsellers,"['https://images-eu.ssl-images-amazon.com/images/I/51oMWaW7tKL._AC_UL300_SR300,200_.jpg']"
"iQOO Z9x 5G (Storm Grey, 6GB RAM, 128GB Storage) | Snapdragon 6 Gen 1 with 560k+ AnTuTu Score | 6000mAh Battery with 7.99mm Slim Design | 44W FlashCharge","₹13,999.00","₹13,999.00",4.1 out of 5 stars,N/A,N/A,4.1 out of 5 stars,"iQOO Z9x 5G (Storm Grey, 6GB RAM, 128GB Storage) | Snapdragon 6 Gen 1 with 560k+ AnTuTu Score | 6000mAh Battery with 7.99mm Slim Design | 44W FlashCharge",N/A,bestsellers,"['https://images-eu.ssl-images-amazon.com/images/I/61sY8BGOyEL._AC_UL300_SR300,200_.jpg']"
"Apple 20W USB-C Power Adapter (for iPhone, iPad & AirPods)","₹1,549.00","₹1,549.00",4.3 out of 5 stars,N/A,N/A,4.3 out of 5 stars,"Apple 20W USB-C Power Adapter (for iPhone, iPad & AirPods)",N/A,bestsellers,"['https://images-eu.ssl-images-amazon.com/images/I/21rFLTV3tML._AC_UL300_SR300,200_.jpg']"
boAt Bassheads 100 in Ear Wired Earphones with Mic(Black),₹399.00,₹399.00,4.1 out of 5 stars,N/A,N/A,4.1 out of 5 stars,boAt Bassheads 100 in Ear Wired Earphones with Mic(Black),N/A,bestsellers,"['https://images-eu.ssl-images-amazon.com/images/I/513ugd16C6L._AC_UL300_SR300,200_.jpg']"
"boAt Rockerz 255 Pro+, 60HRS Battery, Fast Charge, IPX7, Dual Pairing, Low Latency, Magnetic Earbuds, Bluetooth Neckband, Wireless with Mic Earphones (Active Black)","₹1,049.00","₹1,049.00",4.0 out of 5 stars,N/A,N/A,4.0 out of 5 stars,"boAt Rockerz 255 Pro+, 60HRS Battery, Fast Charge, IPX7, Dual Pairing, Low Latency, Magnetic Earbuds, Bluetooth Neckband, Wireless with Mic Earphones (Active Black)",N/A,bestsellers,"['https://images-eu.ssl-images-amazon.com/images/I/61+SW9nDTEL._AC_UL300_SR300,200_.jpg']"
"OnePlus Nord CE4 Lite 5G (Super Silver, 8GB RAM, 128GB Storage)","₹17,999.00","₹17,999.00",4.1 out of 5 stars,N/A,N/A,4.1 out of 5 stars,"OnePlus Nord CE4 Lite 5G (Super Silver, 8GB RAM, 128GB Storage)",N/A,bestsellers,"['https://images-eu.ssl-images-amazon.com/images/I/61Io5-ojWUL._AC_UL300_SR300,200_.jpg']"
"boAt [New Launch] Airdopes 91 Prime, 45HRS Battery, 13mm Drivers, Metallic Finish, Low Latency,ENx Tech, Fast Charge, v5.3 Bluetooth Earbuds, TWS Ear Buds Wireless Earphones with mic (Midnight Black)",₹798.00,₹798.00,5.0 out of 5 stars,N/A,N/A,5.0 out of 5 stars,"boAt [New Launch] Airdopes 91 Prime, 45HRS Battery, 13mm Drivers, Metallic Finish, Low Latency,ENx Tech, Fast Charge, v5.3 Bluetooth Earbuds, TWS Ear Buds Wireless Earphones with mic (Midnight Black)",N/A,bestsellers,"['https://images-eu.ssl-images-amazon.com/images/I/713Lr2oNWaL._AC_UL300_SR300,200_.jpg']"
"OnePlus Nord Buds 2r True Wireless in Ear Earbuds with Mic, 12.4mm Drivers, Playback:Upto 38hr case,4-Mic Design, IP55 Rating [Triple Blue]","₹1,999.00","₹1,999.00",4.2 out of 5 stars,N/A,N/A,4.2 out of 5 stars,"OnePlus Nord Buds 2r True Wireless in Ear Earbuds with Mic, 12.4mm Drivers, Playback:Upto 38hr case,4-Mic Design, IP55 Rating [Triple Blue]",N/A,bestsellers,"['https://images-eu.ssl-images-amazon.com/images/I/611BCw7ulaL._AC_UL300_SR300,200_.jpg']"
realme Buds 2 Wired in Ear Earphones with Mic (Black),₹599.00,₹599.00,4.3 out of 5 stars,N/A,N/A,4.3 out of 5 stars,realme Buds 2 Wired in Ear Earphones with Mic (Black),N/A,bestsellers,"['https://images-eu.ssl-images-amazon.com/images/I/61BYFuHb7lL._AC_UL300_SR300,200_.jpg']"
"OnePlus Nord Buds 2r True Wireless in Ear Earbuds with Mic, 12.4mm Drivers, Playback:Upto 38hr case,4-Mic Design, IP55 Rating [ Misty Grey ]","₹1,999.00","₹1,999.00",4.2 out of 5 stars,N/A,N/A,4.2 out of 5 stars,"OnePlus Nord Buds 2r True Wireless in Ear Earbuds with Mic, 12.4mm Drivers, Playback:Upto 38hr case,4-Mic Design, IP55 Rating [ Misty Grey ]",N/A,bestsellers,"['https://images-eu.ssl-images-amazon.com/images/I/51raakZN9fL._AC_UL300_SR300,200_.jpg']"
"iQOO Z9 Lite 5G (Aqua Flow, 6GB RAM, 128GB Storage) | Dimensity 6300 5G | 50MP Sony AI Camera | Charger in The Box","₹11,499.00","₹11,499.00",4.0 out of 5 stars,N/A,N/A,4.0 out of 5 stars,"iQOO Z9 Lite 5G (Aqua Flow, 6GB RAM, 128GB Storage) | Dimensity 6300 5G | 50MP Sony AI Camera | Charger in The Box",N/A,bestsellers,"['https://images-eu.ssl-images-amazon.com/images/I/61WZicN+coL._AC_UL300_SR300,200_.jpg']"
Fujifilm Instax Mini Picture Format Film (20 Shots),"₹1,299.00","₹1,299.00",4.4 out of 5 stars,N/A,N/A,4.4 out of 5 stars,Fujifilm Instax Mini Picture Format Film (20 Shots),N/A,bestsellers,"['https://images-eu.ssl-images-amazon.com/images/I/51w7yu7wVnL._AC_UL300_SR300,200_.jpg']"
"OnePlus Bullets Z2 Bluetooth Wireless in Ear Earphones with Mic, Bombastic Bass - 12.4 Mm Drivers, 10 Mins Charge - 20 Hrs Music, 30 Hrs Battery Life (Beam Blue)","₹1,799.00","₹1,799.00",4.1 out of 5 stars,N/A,N/A,4.1 out of 5 stars,"OnePlus Bullets Z2 Bluetooth Wireless in Ear Earphones with Mic, Bombastic Bass - 12.4 Mm Drivers, 10 Mins Charge - 20 Hrs Music, 30 Hrs Battery Life (Beam Blue)",N/A,bestsellers,"['https://images-eu.ssl-images-amazon.com/images/I/514m1VhSUUL._AC_UL300_SR300,200_.jpg']"
"boAt Rockerz 255 Z Plus, AI-ENx Tech, Spatial Audio, 50HRS Battery, Low Latency Mode, Fast Charge, App Support, IPX4, GFPS, BT v5.3, Bluetooth Neckband, Wireless With Mic Earphones (Classic Black)",₹999.00,₹999.00,4.0 out of 5 stars,N/A,N/A,4.0 out of 5 stars,"boAt Rockerz 255 Z Plus, AI-ENx Tech, Spatial Audio, 50HRS Battery, Low Latency Mode, Fast Charge, App Support, IPX4, GFPS, BT v5.3, Bluetooth Neckband, Wireless With Mic Earphones (Classic Black)",N/A,bestsellers,"['https://images-eu.ssl-images-amazon.com/images/I/61vaxn5X09L._AC_UL300_SR300,200_.jpg']"
"iQOO Z9 Lite 5G (Mocha Brown, 6GB RAM, 128GB Storage) | Dimensity 6300 5G | 50MP Sony AI Camera | Charger in The Box","₹11,499.00","₹11,499.00",4.0 out of 5 stars,N/A,N/A,4.0 out of 5 stars,"iQOO Z9 Lite 5G (Mocha Brown, 6GB RAM, 128GB Storage) | Dimensity 6300 5G | 50MP Sony AI Camera | Charger in The Box",N/A,bestsellers,"['https://images-eu.ssl-images-amazon.com/images/I/619VJYWIbXL._AC_UL300_SR300,200_.jpg']"
"realme NARZO N61 (Voyage Blue,4GB RAM+64GB Storage) 90Hz Eye Comfort Display | IP54 Dust & Water Resistance | 48-Month Fluency | Charger in The Box","₹7,498.00","₹7,498.00",4.0 out of 5 stars,N/A,N/A,4.0 out of 5 stars,"realme NARZO N61 (Voyage Blue,4GB RAM+64GB Storage) 90Hz Eye Comfort Display | IP54 Dust & Water Resistance | 48-Month Fluency | Charger in The Box",N/A,bestsellers,"['https://images-eu.ssl-images-amazon.com/images/I/71r0Ysx+oVL._AC_UL300_SR300,200_.jpg']"
Apple EarPods (USB-C) ​​​​​​​,"₹1,549.00","₹1,549.00",4.2 out of 5 stars,N/A,N/A,4.2 out of 5 stars,Apple EarPods (USB-C) ​​​​​​​,N/A,bestsellers,"['https://images-eu.ssl-images-amazon.com/images/I/513OSdW4elL._AC_UL300_SR300,200_.jpg']"
"Redmi A4 5G (Sparkle Purple, 4GB RAM, 64GB Storage) | Global Debut SD 4s Gen 2 | Segment Largest 6.88in 120Hz | 50MP Dual Camera | 18W Fast Charging","₹8,498.00","₹8,498.00",4.3 out of 5 stars,N/A,N/A,4.3 out of 5 stars,"Redmi A4 5G (Sparkle Purple, 4GB RAM, 64GB Storage) | Global Debut SD 4s Gen 2 | Segment Largest 6.88in 120Hz | 50MP Dual Camera | 18W Fast Charging",N/A,bestsellers,"['https://images-eu.ssl-images-amazon.com/images/I/81XmCGfKlWL._AC_UL900_SR900,600_.jpg']"
"Redmi 13C 5G (Starlight Black, 4GB RAM, 128GB Storage) | MediaTek Dimensity 6100+ 5G | 90Hz Display","₹9,099.00","₹9,099.00",3.9 out of 5 stars,N/A,N/A,3.9 out of 5 stars,"Redmi 13C 5G (Starlight Black, 4GB RAM, 128GB Storage) | MediaTek Dimensity 6100+ 5G | 90Hz Display",N/A,bestsellers,"['https://images-eu.ssl-images-amazon.com/images/I/81nMsYgIHdL._AC_UL300_SR300,200_.jpg']"
"SanDisk Ultra 64GB microSDXC UHS-I, 140MB/s R, Memory Card, 10 Y Warranty, for Smartphones",₹539.00,₹539.00,4.4 out of 5 stars,N/A,N/A,4.4 out of 5 stars,"SanDisk Ultra 64GB microSDXC UHS-I, 140MB/s R, Memory Card, 10 Y Warranty, for Smartphones",N/A,bestsellers,"['https://images-eu.ssl-images-amazon.com/images/I/7180ZAZmERL._AC_UL300_SR300,200_.jpg']"
"boAt Airdopes 141, Low Latency, ENx Tech, 42HRS Battery, Fast Charge, IWP, IPX4, v5.1 Bluetooth Earbuds, TWS Ear Buds Wireless Earphones with mic (Bold Black)",₹999.00,₹999.00,3.8 out of 5 stars,N/A,N/A,3.8 out of 5 stars,"boAt Airdopes 141, Low Latency, ENx Tech, 42HRS Battery, Fast Charge, IWP, IPX4, v5.1 Bluetooth Earbuds, TWS Ear Buds Wireless Earphones with mic (Bold Black)",N/A,bestsellers,"['https://images-eu.ssl-images-amazon.com/images/I/71RFdy6y6LL._AC_UL300_SR300,200_.jpg']"
"Redmi A4 5G (Starry Black, 4GB RAM, 64GB Storage) | Global Debut SD 4s Gen 2 | Segment Largest 6.88in 120Hz | 50MP Dual Camera | 18W Fast Charging","₹8,498.00","₹8,498.00",4.3 out of 5 stars,N/A,N/A,4.3 out of 5 stars,"Redmi A4 5G (Starry Black, 4GB RAM, 64GB Storage) | Global Debut SD 4s Gen 2 | Segment Largest 6.88in 120Hz | 50MP Dual Camera | 18W Fast Charging",N/A,bestsellers,"['https://images-eu.ssl-images-amazon.com/images/I/71qblDCyONL._AC_UL300_SR300,200_.jpg']"
"iQOO Z9s 5G (Onyx Green, 8GB RAM, 128GB Storage) | 120 Hz 3D Curved AMOLED Display | 5500 mAh Ultra-Thin Battery | Dimesity 7300 5G Processor | Sony IMX882 OIS Camera with Aura Light","₹19,999.00","₹19,999.00",4.3 out of 5 stars,N/A,N/A,4.3 out of 5 stars,"iQOO Z9s 5G (Onyx Green, 8GB RAM, 128GB Storage) | 120 Hz 3D Curved AMOLED Display | 5500 mAh Ultra-Thin Battery | Dimesity 7300 5G Processor | Sony IMX882 OIS Camera with Aura Light",N/A,bestsellers,"['https://images-eu.ssl-images-amazon.com/images/I/61nO5YRaAxL._AC_UL300_SR300,200_.jpg']"
"OnePlus Nord Buds 3 Pro Truly Wireless Bluetooth in Ear Earbuds with Upto 49Db Active Noise Cancellation,12.4Mm Dynamic Drivers,10Mins for 11Hrs Fast Charging with Upto 44Hrs Music Playback[Black]","₹3,299.00","₹3,299.00",4.2 out of 5 stars,N/A,N/A,4.2 out of 5 stars,"OnePlus Nord Buds 3 Pro Truly Wireless Bluetooth in Ear Earbuds with Upto 49Db Active Noise Cancellation,12.4Mm Dynamic Drivers,10Mins for 11Hrs Fast Charging with Upto 44Hrs Music Playback[Black]",N/A,bestsellers,"['https://images-eu.ssl-images-amazon.com/images/I/51RaySTbIVL._AC_UL300_SR300,200_.jpg']"
"JBL C100SI Wired In Ear Headphones with Mic, JBL Pure Bass Sound, One Button Multi-function Remote, Premium Metallic Finish, Angled Buds for Comfort fit (Black)",₹599.00,₹599.00,4.1 out of 5 stars,N/A,N/A,4.1 out of 5 stars,"JBL C100SI Wired In Ear Headphones with Mic, JBL Pure Bass Sound, One Button Multi-function Remote, Premium Metallic Finish, Angled Buds for Comfort fit (Black)",N/A,bestsellers,"['https://images-eu.ssl-images-amazon.com/images/I/51Q8DUDT2eL._AC_UL300_SR300,200_.jpg']"
N/A,"₹1,625.00","₹1,625.00",3.8 out of 5 stars,N/A,N/A,3.8 out of 5 stars,N/A,N/A,bestsellers,"['https://images-eu.ssl-images-amazon.com/images/I/71lReLjLdkL._AC_UL900_SR900,600_.jpg']"
N/A,₹314.00,₹314.00,4.6 out of 5 stars,N/A,N/A,4.6 out of 5 stars,N/A,N/A,bestsellers,"['https://images-eu.ssl-images-amazon.com/images/I/81Dky+tD+pL._AC_UL900_SR900,600_.jpg']"
N/A,₹460.00,₹460.00,4.6 out of 5 stars,N/A,N/A,4.6 out of 5 stars,N/A,N/A,bestsellers,"['https://images-eu.ssl-images-amazon.com/images/I/81F90H7hnML._AC_UL900_SR900,600_.jpg']"
N/A,₹399.00,₹399.00,4.5 out of 5 stars,N/A,N/A,4.5 out of 5 stars,N/A,N/A,bestsellers,"['https://images-eu.ssl-images-amazon.com/images/I/711c-uf6AFL._AC_UL300_SR300,200_.jpg']"
N/A,₹406.00,₹406.00,4.7 out of 5 stars,N/A,N/A,4.7 out of 5 stars,N/A,N/A,bestsellers,"['https://images-eu.ssl-images-amazon.com/images/I/813SflvsqCL._AC_UL300_SR300,200_.jpg']"
N/A,₹317.00,₹317.00,4.6 out of 5 stars,N/A,N/A,4.6 out of 5 stars,N/A,N/A,bestsellers,"['https://images-eu.ssl-images-amazon.com/images/I/81l3rZK4lnL._AC_UL300_SR300,200_.jpg']"
N/A,₹180.00,₹180.00,4.4 out of 5 stars,N/A,N/A,4.4 out of 5 stars,N/A,N/A,bestsellers,"['https://images-eu.ssl-images-amazon.com/images/I/712K3sdLlRL._AC_UL300_SR300,200_.jpg']"
N/A,₹299.00,₹299.00,4.4 out of 5 stars,N/A,N/A,4.4 out of 5 stars,N/A,N/A,bestsellers,"['https://images-eu.ssl-images-amazon.com/images/I/713DkhPu-4L._AC_UL300_SR300,200_.jpg']"
N/A,"₹1,349.00","₹1,349.00",4.0 out of 5 stars,N/A,N/A,4.0 out of 5 stars,N/A,N/A,bestsellers,"['https://images-eu.ssl-images-amazon.com/images/I/71oucaCdOVL._AC_UL300_SR300,200_.jpg']"
N/A,₹124.00,₹124.00,4.5 out of 5 stars,N/A,N/A,4.5 out of 5 stars,N/A,N/A,bestsellers,"['https://images-eu.ssl-images-amazon.com/images/I/51lMJWnnRDL._AC_UL300_SR300,200_.jpg']"
N/A,₹299.00,₹299.00,N/A,N/A,N/A,N/A,N/A,N/A,bestsellers,"['https://images-eu.ssl-images-amazon.com/images/I/81pGO40uexL._AC_UL300_SR300,200_.jpg']"
N/A,₹349.00,₹349.00,4.5 out of 5 stars,N/A,N/A,4.5 out of 5 stars,N/A,N/A,bestsellers,"['https://images-eu.ssl-images-amazon.com/images/I/71TqdH9wTmL._AC_UL300_SR300,200_.jpg']"
N/A,₹149.00,₹149.00,4.4 out of 5 stars,N/A,N/A,4.4 out of 5 stars,N/A,N/A,bestsellers,"['https://images-eu.ssl-images-amazon.com/images/I/71sBtM3Yi5L._AC_UL300_SR300,200_.jpg']"
N/A,₹220.00,₹220.00,4.8 out of 5 stars,N/A,N/A,4.8 out of 5 stars,N/A,N/A,bestsellers,"['https://images-eu.ssl-images-amazon.com/images/I/81rjyBm+UYL._AC_UL300_SR300,200_.jpg']"
N/A,₹187.00,₹187.00,4.5 out of 5 stars,N/A,N/A,4.5 out of 5 stars,N/A,N/A,bestsellers,"['https://images-eu.ssl-images-amazon.com/images/I/715qi-cIbML._AC_UL300_SR300,200_.jpg']"
N/A,₹199.00,₹199.00,4.5 out of 5 stars,N/A,N/A,4.5 out of 5 stars,N/A,N/A,bestsellers,"['https://images-eu.ssl-images-amazon.com/images/I/71NM33ZCE1L._AC_UL300_SR300,200_.jpg']"
N/A,₹261.00,₹261.00,4.3 out of 5 stars,N/A,N/A,4.3 out of 5 stars,N/A,N/A,bestsellers,"['https://images-eu.ssl-images-amazon.com/images/I/61xivWmExiL._AC_UL300_SR300,200_.jpg']"
N/A,₹898.00,₹898.00,4.7 out of 5 stars,N/A,N/A,4.7 out of 5 stars,N/A,N/A,bestsellers,"['https://images-eu.ssl-images-amazon.com/images/I/61r8o67PNxL._AC_UL300_SR300,200_.jpg']"
N/A,₹226.00,₹226.00,4.5 out of 5 stars,N/A,N/A,4.5 out of 5 stars,N/A,N/A,bestsellers,"['https://images-eu.ssl-images-amazon.com/images/I/710GgrTea1L._AC_UL300_SR300,200_.jpg']"
N/A,₹129.00,₹129.00,4.4 out of 5 stars,N/A,N/A,4.4 out of 5 stars,N/A,N/A,bestsellers,"['https://images-eu.ssl-images-amazon.com/images/I/71Ytm8A3piL._AC_UL300_SR300,200_.jpg']"
N/A,₹323.00,₹323.00,4.8 out of 5 stars,N/A,N/A,4.8 out of 5 stars,N/A,N/A,bestsellers,"['https://images-eu.ssl-images-amazon.com/images/I/61AWbc63g3L._AC_UL300_SR300,200_.jpg']"
N/A,₹279.00,₹279.00,4.7 out of 5 stars,N/A,N/A,4.7 out of 5 stars,N/A,N/A,bestsellers,"['https://images-eu.ssl-images-amazon.com/images/I/81kreOltuyL._AC_UL300_SR300,200_.jpg']"
N/A,₹349.00,₹349.00,5.0 out of 5 stars,N/A,N/A,5.0 out of 5 stars,N/A,N/A,bestsellers,"['https://images-eu.ssl-images-amazon.com/images/I/71tGsRK6FIL._AC_UL300_SR300,200_.jpg']"
N/A,₹150.00,₹150.00,4.4 out of 5 stars,N/A,N/A,4.4 out of 5 stars,N/A,N/A,bestsellers,"['https://images-eu.ssl-images-amazon.com/images/I/91pRN-NJ6HL._AC_UL300_SR300,200_.jpg']"
N/A,₹164.00,₹164.00,4.3 out of 5 stars,N/A,N/A,4.3 out of 5 stars,N/A,N/A,bestsellers,"['https://images-eu.ssl-images-amazon.com/images/I/91Q7RLpqdKL._AC_UL300_SR300,200_.jpg']"
N/A,₹305.00,₹305.00,4.6 out of 5 stars,N/A,N/A,4.6 out of 5 stars,N/A,N/A,bestsellers,"['https://images-eu.ssl-images-amazon.com/images/I/81zZVEy-UPL._AC_UL300_SR300,200_.jpg']"
N/A,₹199.00,₹199.00,4.3 out of 5 stars,N/A,N/A,4.3 out of 5 stars,N/A,N/A,bestsellers,"['https://images-eu.ssl-images-amazon.com/images/I/71QPXmpjWlL._AC_UL300_SR300,200_.jpg']"
N/A,₹369.00,₹369.00,4.4 out of 5 stars,N/A,N/A,4.4 out of 5 stars,N/A,N/A,bestsellers,"['https://images-eu.ssl-images-amazon.com/images/I/81ZiMSpnmDL._AC_UL300_SR300,200_.jpg']"
N/A,₹359.00,₹359.00,4.6 out of 5 stars,N/A,N/A,4.6 out of 5 stars,N/A,N/A,bestsellers,"['https://images-eu.ssl-images-amazon.com/images/I/81WrkElcMXL._AC_UL300_SR300,200_.jpg']"
N/A,₹259.00,₹259.00,N/A,N/A,N/A,N/A,N/A,N/A,bestsellers,"['https://images-eu.ssl-images-amazon.com/images/I/815Lig4ZY6L._AC_UL300_SR300,200_.jpg']"
"Casio Stainless Steel Men Vintage Digital Grey Dial Unisex A-158Wa-1Q (D011), Band Color-Silver","₹1,695.00","₹1,695.00",4.4 out of 5 stars,N/A,N/A,4.4 out of 5 stars,"Casio Stainless Steel Men Vintage Digital Grey Dial Unisex A-158Wa-1Q (D011), Band Color-Silver",N/A,bestsellers,"['https://images-eu.ssl-images-amazon.com/images/I/61ybeKQto8L._AC_UL900_SR900,600_.jpg']"
"Fastrack Limitless Glide Smart Watch, Advanced UltraVU HD Display, SingleSync BT Calling, Advance Chipset, 85+ Sports Modes & Smartwatch Faces, AI Voice Assistant, 24 * 7 Health Suite, IP67 (Black)","₹1,397.00","₹1,397.00",3.8 out of 5 stars,N/A,N/A,3.8 out of 5 stars,"Fastrack Limitless Glide Smart Watch, Advanced UltraVU HD Display, SingleSync BT Calling, Advance Chipset, 85+ Sports Modes & Smartwatch Faces, AI Voice Assistant, 24 * 7 Health Suite, IP67 (Black)",N/A,bestsellers,"['https://images-eu.ssl-images-amazon.com/images/I/61rbYFj7DgL._AC_UL900_SR900,600_.jpg']"
Fastrack Analog Unisex-Adult Watch,₹805.00,₹805.00,4.1 out of 5 stars,N/A,N/A,4.1 out of 5 stars,Fastrack Analog Unisex-Adult Watch,N/A,bestsellers,"['https://images-eu.ssl-images-amazon.com/images/I/61FFBTzKiUL._AC_UL900_SR900,600_.jpg']"
TIMEWEAR Analog Day Date Functioning Stainless Steel Chain Watch for Men,₹319.00,₹319.00,3.8 out of 5 stars,N/A,N/A,3.8 out of 5 stars,TIMEWEAR Analog Day Date Functioning Stainless Steel Chain Watch for Men,N/A,bestsellers,"['https://images-eu.ssl-images-amazon.com/images/I/81nj6IlZpVL._AC_UL300_SR300,200_.jpg']"
Acnos 6 Colours Luminous LED Display Fashionable Children Kids Digital Watches Waterproof Sports Square Electronic Led Watch for Kids Boy Baby Girls Digital Watch for Kids,₹280.00,₹280.00,4.0 out of 5 stars,N/A,N/A,4.0 out of 5 stars,Acnos 6 Colours Luminous LED Display Fashionable Children Kids Digital Watches Waterproof Sports Square Electronic Led Watch for Kids Boy Baby Girls Digital Watch for Kids,N/A,bestsellers,"['https://images-eu.ssl-images-amazon.com/images/I/61ohjb-5f5L._AC_UL300_SR300,200_.jpg']"
SPIKY Analog Watch for Kids | 3D Cartoon | 7 Multicolor LED Luminous Lights with Silicone Strap | Stylish Unisex Birthday Gift | Analogue Wrist Watches for Boys & Girls,₹497.00,₹497.00,4.0 out of 5 stars,N/A,N/A,4.0 out of 5 stars,SPIKY Analog Watch for Kids | 3D Cartoon | 7 Multicolor LED Luminous Lights with Silicone Strap | Stylish Unisex Birthday Gift | Analogue Wrist Watches for Boys & Girls,N/A,bestsellers,"['https://images-eu.ssl-images-amazon.com/images/I/41zhQvD8-0L._AC_UL300_SR300,200_.jpg']"
Matrix Antique 2.0 Day & Date Softest Silicone Strap Analog Watch for Men & Boys,₹318.00,₹318.00,4.0 out of 5 stars,N/A,N/A,4.0 out of 5 stars,Matrix Antique 2.0 Day & Date Softest Silicone Strap Analog Watch for Men & Boys,N/A,bestsellers,"['https://images-eu.ssl-images-amazon.com/images/I/711NXCmUfbL._AC_UL300_SR300,200_.jpg']"
"STORESHINE Men's and Women's Leatherette Watch organizer holder Case for 6 Watches in Black or Grey Color, Removable Watch Pillows, Watch Box Holder, Gift for Loved Ones",₹499.00,₹499.00,3.9 out of 5 stars,N/A,N/A,3.9 out of 5 stars,"STORESHINE Men's and Women's Leatherette Watch organizer holder Case for 6 Watches in Black or Grey Color, Removable Watch Pillows, Watch Box Holder, Gift for Loved Ones",N/A,bestsellers,"['https://images-eu.ssl-images-amazon.com/images/I/71fNw0tiHGL._AC_UL300_SR300,200_.jpg']"
LEDO Men's and Women's Watch Box Holder Organizer Case In 12 Slots of watches In PU Leather with Black & Gray,₹949.00,₹949.00,4.4 out of 5 stars,N/A,N/A,4.4 out of 5 stars,LEDO Men's and Women's Watch Box Holder Organizer Case In 12 Slots of watches In PU Leather with Black & Gray,N/A,bestsellers,"['https://images-eu.ssl-images-amazon.com/images/I/61YFIibuXgL._AC_UL300_SR300,200_.jpg']"
TIMEX Analog Men's Watch (Dial Colored Strap),₹957.00,₹957.00,4.1 out of 5 stars,N/A,N/A,4.1 out of 5 stars,TIMEX Analog Men's Watch (Dial Colored Strap),N/A,bestsellers,"['https://images-eu.ssl-images-amazon.com/images/I/71Kx6rgmlRS._AC_UL300_SR300,200_.jpg']"
Fastrack Fastfit Quartz Analog Grey Dial Silicone Strap Unisex Watch-NS68011PP08,₹855.00,₹855.00,4.2 out of 5 stars,N/A,N/A,4.2 out of 5 stars,Fastrack Fastfit Quartz Analog Grey Dial Silicone Strap Unisex Watch-NS68011PP08,N/A,bestsellers,"['https://images-eu.ssl-images-amazon.com/images/I/71-yaJc6Z-L._AC_UL300_SR300,200_.jpg']"
Acnos Premium Analogue Women's Rose-Gold Magnet Watch With Rosegold Bracelet With Gift Box - Metal,₹280.00,₹280.00,4.1 out of 5 stars,N/A,N/A,4.1 out of 5 stars,Acnos Premium Analogue Women's Rose-Gold Magnet Watch With Rosegold Bracelet With Gift Box - Metal,N/A,bestsellers,"['https://images-eu.ssl-images-amazon.com/images/I/71nbOk-3qUL._AC_UL300_SR300,200_.jpg']"
STYLEDOSE Women Analogue Wrist Watches for Women's & Girls&Miss&Ladies Diamond Studded Dial Rosegold Colored Stylish Bracelet Strap,₹379.00,₹379.00,4.3 out of 5 stars,N/A,N/A,4.3 out of 5 stars,STYLEDOSE Women Analogue Wrist Watches for Women's & Girls&Miss&Ladies Diamond Studded Dial Rosegold Colored Stylish Bracelet Strap,N/A,bestsellers,"['https://images-eu.ssl-images-amazon.com/images/I/711J1gA9deL._AC_UL300_SR300,200_.jpg']"
Matrix Minimalist Dial with Softest Silicone Strap Analog Wrist Watch for Men & Boys,₹275.00,₹275.00,3.8 out of 5 stars,N/A,N/A,3.8 out of 5 stars,Matrix Minimalist Dial with Softest Silicone Strap Analog Wrist Watch for Men & Boys,N/A,bestsellers,"['https://images-eu.ssl-images-amazon.com/images/I/618MdeNFBmL._AC_UL300_SR300,200_.jpg']"
Shocknshop Digital Sports Multi Functional Black Dial Watch for Mens Boys -315RED,₹279.00,₹279.00,3.9 out of 5 stars,N/A,N/A,3.9 out of 5 stars,Shocknshop Digital Sports Multi Functional Black Dial Watch for Mens Boys -315RED,N/A,bestsellers,"['https://images-eu.ssl-images-amazon.com/images/I/61fyBGuO18L._AC_UL300_SR300,200_.jpg']"
Fastrack Men Bold Quartz Analog Black Dial Stainless Steel Strap Watch for Guys-NS38051SM07,"₹1,317.00","₹1,317.00",4.3 out of 5 stars,N/A,N/A,4.3 out of 5 stars,Fastrack Men Bold Quartz Analog Black Dial Stainless Steel Strap Watch for Guys-NS38051SM07,N/A,bestsellers,"['https://images-eu.ssl-images-amazon.com/images/I/51EiXZQZcJL._AC_UL300_SR300,200_.jpg']"
"Sounce Silicone 22mm Replacement Band Strap with Metal Buckle Compatible with Fire-Boltt, Boat, Noise, Amazfit, beatXp & Other 22mm Watches",₹199.00,₹199.00,4.0 out of 5 stars,N/A,N/A,4.0 out of 5 stars,"Sounce Silicone 22mm Replacement Band Strap with Metal Buckle Compatible with Fire-Boltt, Boat, Noise, Amazfit, beatXp & Other 22mm Watches",N/A,bestsellers,"['https://images-eu.ssl-images-amazon.com/images/I/416Ada5LkZL._AC_UL300_SR300,200_.jpg']"
LOUIS DEVIN Silicone Strap Analog Wrist Watch for Men (Black/Blue/Red) | LD-BK054,₹369.00,₹369.00,3.9 out of 5 stars,N/A,N/A,3.9 out of 5 stars,LOUIS DEVIN Silicone Strap Analog Wrist Watch for Men (Black/Blue/Red) | LD-BK054,N/A,bestsellers,"['https://images-eu.ssl-images-amazon.com/images/I/61LO6l4zB4L._AC_UL300_SR300,200_.jpg']"
"Matrix Black, Blue, White Dial, Day & Date Functioning, Stainless Steel Strap Analog Watch for Men & Women",₹309.00,₹309.00,3.6 out of 5 stars,N/A,N/A,3.6 out of 5 stars,"Matrix Black, Blue, White Dial, Day & Date Functioning, Stainless Steel Strap Analog Watch for Men & Women",N/A,bestsellers,"['https://images-eu.ssl-images-amazon.com/images/I/816eXKgDfIL._AC_UL300_SR300,200_.jpg']"
STYLEDOSE Luxury Dial in Square case with Ston Studded brecelet Strap Quartz Analogue Wrist Watches for Women's & Girls&Miss&Ladies,₹379.00,₹379.00,4.3 out of 5 stars,N/A,N/A,4.3 out of 5 stars,STYLEDOSE Luxury Dial in Square case with Ston Studded brecelet Strap Quartz Analogue Wrist Watches for Women's & Girls&Miss&Ladies,N/A,bestsellers,"['https://images-eu.ssl-images-amazon.com/images/I/71BRTOFo6XL._AC_UL300_SR300,200_.jpg']"
SKMEI Men's Watch New Wheels Rolling Creative Fashion Che Youhui League Fans Butterfly Double Snap Gift Wristwatch - 1990,"₹1,799.00","₹1,799.00",4.1 out of 5 stars,N/A,N/A,4.1 out of 5 stars,SKMEI Men's Watch New Wheels Rolling Creative Fashion Che Youhui League Fans Butterfly Double Snap Gift Wristwatch - 1990,N/A,bestsellers,"['https://images-eu.ssl-images-amazon.com/images/I/71ZHqd6ISQL._AC_UL300_SR300,200_.jpg']"
SKMEI Men's Digital Sports Watch 50m Waterproof LED Military Multifunction Smart Watch Stopwatch Countdown Auto Date Alarm,₹699.00,₹699.00,4.2 out of 5 stars,N/A,N/A,4.2 out of 5 stars,SKMEI Men's Digital Sports Watch 50m Waterproof LED Military Multifunction Smart Watch Stopwatch Countdown Auto Date Alarm,N/A,bestsellers,"['https://images-eu.ssl-images-amazon.com/images/I/61eac98fJRL._AC_UL300_SR300,200_.jpg']"
LEDO Men's and Women's Watch Box Holder Organizer Case In 12 Slots of watches In PU Leather with Royal Black color,₹849.00,₹849.00,4.4 out of 5 stars,N/A,N/A,4.4 out of 5 stars,LEDO Men's and Women's Watch Box Holder Organizer Case In 12 Slots of watches In PU Leather with Royal Black color,N/A,bestsellers,"['https://images-eu.ssl-images-amazon.com/images/I/812Y4TiPlJL._AC_UL300_SR300,200_.jpg']"
Acnos® Premium Brand Digital 4 Colours Square Dial Unisex Wrist Watch for Men Women Pack of 1 (WR),₹280.00,₹280.00,3.8 out of 5 stars,N/A,N/A,3.8 out of 5 stars,Acnos® Premium Brand Digital 4 Colours Square Dial Unisex Wrist Watch for Men Women Pack of 1 (WR),N/A,bestsellers,"['https://images-eu.ssl-images-amazon.com/images/I/61GWaL9HTiL._AC_UL300_SR300,200_.jpg']"
CRESTELLO Silicone Strap Analog Wrist Watch for Women (Black/Blue/Green/Brown) | CR-Ck137,₹289.00,₹289.00,4.1 out of 5 stars,N/A,N/A,4.1 out of 5 stars,CRESTELLO Silicone Strap Analog Wrist Watch for Women (Black/Blue/Green/Brown) | CR-Ck137,N/A,bestsellers,"['https://images-eu.ssl-images-amazon.com/images/I/61yXlWMrk4L._AC_UL300_SR300,200_.jpg']"
"exciting Lives - Vintage Motorbike Pocket Watch Keychain - Gift for Christmas Day, New year, Birthday, Rakshabandhan, Anniversary, Valentine's Day, Gift for Brother, Bro, Bhai, Boyfriend, Friend - Keyring",₹420.00,₹420.00,4.2 out of 5 stars,N/A,N/A,4.2 out of 5 stars,"exciting Lives - Vintage Motorbike Pocket Watch Keychain - Gift for Christmas Day, New year, Birthday, Rakshabandhan, Anniversary, Valentine's Day, Gift for Brother, Bro, Bhai, Boyfriend, Friend - Keyring",N/A,bestsellers,"['https://images-eu.ssl-images-amazon.com/images/I/71f3rkWNAFL._AC_UL300_SR300,200_.jpg']"
LOUIS DEVIN Rose Gold Plated Mesh Chain Analog Wrist Watch for Women (Black/Blue/Rose Gold Dial) | RG162,₹349.00,₹349.00,4.0 out of 5 stars,N/A,N/A,4.0 out of 5 stars,LOUIS DEVIN Rose Gold Plated Mesh Chain Analog Wrist Watch for Women (Black/Blue/Rose Gold Dial) | RG162,N/A,bestsellers,"['https://images-eu.ssl-images-amazon.com/images/I/71R7AfsSLuL._AC_UL300_SR300,200_.jpg']"
Carlington Resin Endurance Analog-Digital Sports Watch for Men and Boys - CT9105 Series One,"₹1,199.00","₹1,199.00",4.1 out of 5 stars,N/A,N/A,4.1 out of 5 stars,Carlington Resin Endurance Analog-Digital Sports Watch for Men and Boys - CT9105 Series One,N/A,bestsellers,"['https://images-eu.ssl-images-amazon.com/images/I/91le6qCmG7L._AC_UL300_SR300,200_.jpg']"
Acnos® Premium Brand - A Digital Watch Shockproof Multi-Functional Automatic 5 Color Army Strap Waterproof Digital Sports Watch for Men's Kids Watch for Boys Watch for Men Pack of 1,₹284.00,₹284.00,4.1 out of 5 stars,N/A,N/A,4.1 out of 5 stars,Acnos® Premium Brand - A Digital Watch Shockproof Multi-Functional Automatic 5 Color Army Strap Waterproof Digital Sports Watch for Men's Kids Watch for Boys Watch for Men Pack of 1,N/A,bestsellers,"['https://images-eu.ssl-images-amazon.com/images/I/61wP1+eh4+S._AC_UL300_SR300,200_.jpg']"
"Parachute Advansed Deep Nourish Body Lotion for Women & Men, Dry Skin, 400ml | Pure Coconut Milk, 100% Natural, 72h Moisturisation",₹134.00,₹134.00,4.2 out of 5 stars,N/A,N/A,4.2 out of 5 stars,"Parachute Advansed Deep Nourish Body Lotion for Women & Men, Dry Skin, 400ml | Pure Coconut Milk, 100% Natural, 72h Moisturisation",N/A,bestsellers,"['https://images-eu.ssl-images-amazon.com/images/I/51atYFf5PZL._AC_UL900_SR900,600_.jpg']"
"Cetaphil Paraben, Sulphate-Free Gentle Skin Hydrating Face Wash Cleanser with Niacinamide, Vitamin B5 for Dry to Normal, Sensitive Skin - 125 ml",₹375.00,₹375.00,4.3 out of 5 stars,N/A,N/A,4.3 out of 5 stars,"Cetaphil Paraben, Sulphate-Free Gentle Skin Hydrating Face Wash Cleanser with Niacinamide, Vitamin B5 for Dry to Normal, Sensitive Skin - 125 ml",N/A,bestsellers,"['https://images-eu.ssl-images-amazon.com/images/I/51O+J5jnXcL._AC_UL300_SR300,200_.jpg']"
Ghar Soaps Sandalwood & Saffron Magic Soaps For Bath (100 Gms Pack Of 2) | Paraben Free | Chandan & Kesar Bath Soap | Handmade Soaps For Glowing | Skin Brightening Soap For Men & Women,₹284.00,₹284.00,3.8 out of 5 stars,N/A,N/A,3.8 out of 5 stars,Ghar Soaps Sandalwood & Saffron Magic Soaps For Bath (100 Gms Pack Of 2) | Paraben Free | Chandan & Kesar Bath Soap | Handmade Soaps For Glowing | Skin Brightening Soap For Men & Women,N/A,bestsellers,"['https://images-eu.ssl-images-amazon.com/images/I/71FIVIV316L._AC_UL300_SR300,200_.jpg']"
NIVEA Nourishing Body Milk 600ml Body Lotion | 48 H Moisturization | With 2X Almond Oil | Smooth and Healthy Looking Skin |For Very Dry Skin,₹619.00,₹619.00,4.4 out of 5 stars,N/A,N/A,4.4 out of 5 stars,NIVEA Nourishing Body Milk 600ml Body Lotion | 48 H Moisturization | With 2X Almond Oil | Smooth and Healthy Looking Skin |For Very Dry Skin,N/A,bestsellers,"['https://images-eu.ssl-images-amazon.com/images/I/51QtN8cihaL._AC_UL300_SR300,200_.jpg']"
"L'Oréal Paris Permanent Hair Colour, Radiant At-Home Hair Colour with up to 100% Grey Coverage, Pro-Keratin, Up to 8 Weeks of Colour, Excellence Crème, 3 Natural Darkest Brown, 72ml+100g",₹574.00,₹574.00,4.3 out of 5 stars,N/A,N/A,4.3 out of 5 stars,"L'Oréal Paris Permanent Hair Colour, Radiant At-Home Hair Colour with up to 100% Grey Coverage, Pro-Keratin, Up to 8 Weeks of Colour, Excellence Crème, 3 Natural Darkest Brown, 72ml+100g",N/A,bestsellers,"['https://images-eu.ssl-images-amazon.com/images/I/61wHkCENFtL._AC_UL300_SR300,200_.jpg']"
"NIVEA Soft Light Moisturizer, 300 ml, for Face, Hand & Body, Non-Greasy Cream with Vitamin E & Jojoba Oil for Instant Hydration",₹302.50,₹302.50,4.4 out of 5 stars,N/A,N/A,4.4 out of 5 stars,"NIVEA Soft Light Moisturizer, 300 ml, for Face, Hand & Body, Non-Greasy Cream with Vitamin E & Jojoba Oil for Instant Hydration",N/A,bestsellers,"['https://images-eu.ssl-images-amazon.com/images/I/51cXkIfVBtL._AC_UL300_SR300,200_.jpg']"
"Scalpe Pro Daily Anti-Dandruff Shampoo | Removes Dandruff From Source | Helps With Itching, Irritation & Redness Accompanying Dandruff | Climbazole & Zpto Formulation | For Women & Men | 100Ml",₹150.00,₹150.00,4.1 out of 5 stars,N/A,N/A,4.1 out of 5 stars,"Scalpe Pro Daily Anti-Dandruff Shampoo | Removes Dandruff From Source | Helps With Itching, Irritation & Redness Accompanying Dandruff | Climbazole & Zpto Formulation | For Women & Men | 100Ml",N/A,bestsellers,"['https://images-eu.ssl-images-amazon.com/images/I/51zAMTMsOkL._AC_UL300_SR300,200_.jpg']"
"Vaseline Deep Moisture Serum In Lotion, 400 ml | Enriched with Glycerin for Nourished Soft Skin",₹283.00,₹283.00,4.4 out of 5 stars,N/A,N/A,4.4 out of 5 stars,"Vaseline Deep Moisture Serum In Lotion, 400 ml | Enriched with Glycerin for Nourished Soft Skin",N/A,bestsellers,"['https://images-eu.ssl-images-amazon.com/images/I/51GIMFvynDL._AC_UL300_SR300,200_.jpg']"
"The Derma Co 1% Hyaluronic Sunscreen SPF 50 Aqua Gel, PA++++ | For Oily, Dry, Acne-prone Skin | Lightweight, No white-cast for Broad Spectrum & Blue Light Protection - 30g",₹269.00,₹269.00,4.2 out of 5 stars,N/A,N/A,4.2 out of 5 stars,"The Derma Co 1% Hyaluronic Sunscreen SPF 50 Aqua Gel, PA++++ | For Oily, Dry, Acne-prone Skin | Lightweight, No white-cast for Broad Spectrum & Blue Light Protection - 30g",N/A,bestsellers,"['https://images-eu.ssl-images-amazon.com/images/I/41v1L8K+11L._AC_UL300_SR300,200_.jpg']"
"L'Oreal Paris Hyaluron Moisture 72HR Moisture Sealing Conditioner powered by Hyaluronic Acid, for Frizz-free, Hydrated and Bouncy Hair Full of Life | 180 ml",₹148.00,₹148.00,4.3 out of 5 stars,N/A,N/A,4.3 out of 5 stars,"L'Oreal Paris Hyaluron Moisture 72HR Moisture Sealing Conditioner powered by Hyaluronic Acid, for Frizz-free, Hydrated and Bouncy Hair Full of Life | 180 ml",N/A,bestsellers,"['https://images-eu.ssl-images-amazon.com/images/I/418EwrvZQLL._AC_UL300_SR300,200_.jpg']"
Dettol Liquid Handwash Refill – Skincare Hand Wash- 1350ml | pH Balanced | 10x Better Germ Protection,₹186.00,₹186.00,4.5 out of 5 stars,N/A,N/A,4.5 out of 5 stars,Dettol Liquid Handwash Refill – Skincare Hand Wash- 1350ml | pH Balanced | 10x Better Germ Protection,N/A,bestsellers,"['https://images-eu.ssl-images-amazon.com/images/I/61ma04zYXpL._AC_UL300_SR300,200_.jpg']"
"WishCare Hair Growth Serum Concentrate - 3% Redensyl, 4% Anagain, 2% Baicapil, Caffeine, Biotin & Rice Water - Rosemary Hair Serum for Hair Fall Control & Hair Growth 30ml",₹673.98,₹673.98,4.1 out of 5 stars,N/A,N/A,4.1 out of 5 stars,"WishCare Hair Growth Serum Concentrate - 3% Redensyl, 4% Anagain, 2% Baicapil, Caffeine, Biotin & Rice Water - Rosemary Hair Serum for Hair Fall Control & Hair Growth 30ml",N/A,bestsellers,"['https://images-eu.ssl-images-amazon.com/images/I/61PA2P4KDCL._AC_UL300_SR300,200_.jpg']"
"Bella Vita Luxury Woman Eau De Parfum Gift Set 4x20 ml for Women with Date, Senorita, Glam, Rose Perfume|Floral, Fruity Long Lasting EDP Fragrance Scent",₹567.00,₹567.00,4.3 out of 5 stars,N/A,N/A,4.3 out of 5 stars,"Bella Vita Luxury Woman Eau De Parfum Gift Set 4x20 ml for Women with Date, Senorita, Glam, Rose Perfume|Floral, Fruity Long Lasting EDP Fragrance Scent",N/A,bestsellers,"['https://images-eu.ssl-images-amazon.com/images/I/614cN6CDldL._AC_UL300_SR300,200_.jpg']"
"L'Oreal Paris Serum, Protection and Shine, For Dry, Flyaway & Frizzy Hair, With 6 Rare Flower Oils, Extraordinary Oil, 100ml",₹389.00,₹389.00,4.3 out of 5 stars,N/A,N/A,4.3 out of 5 stars,"L'Oreal Paris Serum, Protection and Shine, For Dry, Flyaway & Frizzy Hair, With 6 Rare Flower Oils, Extraordinary Oil, 100ml",N/A,bestsellers,"['https://images-eu.ssl-images-amazon.com/images/I/61GGg1vs3DL._AC_UL300_SR300,200_.jpg']"
"L'Oreal Paris Hyaluron Moisture 72HR Moisture Filling Shampoo powered by Hyaluronic Acid, for Frizz-free, Hydrated and Bouncy Hair Full of Life | 340 ml",₹248.00,₹248.00,4.2 out of 5 stars,N/A,N/A,4.2 out of 5 stars,"L'Oreal Paris Hyaluron Moisture 72HR Moisture Filling Shampoo powered by Hyaluronic Acid, for Frizz-free, Hydrated and Bouncy Hair Full of Life | 340 ml",N/A,bestsellers,"['https://images-eu.ssl-images-amazon.com/images/I/41jr41E77ZL._AC_UL300_SR300,200_.jpg']"
"Simple Kind To Skin Refreshing Face Wash 150 ml | 100% soap-free gentle cleanser for sensitive, dry & oily skin, for women & men",₹340.00,₹340.00,4.3 out of 5 stars,N/A,N/A,4.3 out of 5 stars,"Simple Kind To Skin Refreshing Face Wash 150 ml | 100% soap-free gentle cleanser for sensitive, dry & oily skin, for women & men",N/A,bestsellers,"['https://images-eu.ssl-images-amazon.com/images/I/51lV2Pem64L._AC_UL300_SR300,200_.jpg']"
"Garnier Skin Naturals, Face Serum, Increases Skin's Glow Instantly and Reduces Spots Overtime, Bright Complete Vitamin C Booster, 30 ml",₹328.00,₹328.00,4.0 out of 5 stars,N/A,N/A,4.0 out of 5 stars,"Garnier Skin Naturals, Face Serum, Increases Skin's Glow Instantly and Reduces Spots Overtime, Bright Complete Vitamin C Booster, 30 ml",N/A,bestsellers,"['https://images-eu.ssl-images-amazon.com/images/I/51wERqBeGLL._AC_UL300_SR300,200_.jpg']"
Bare Anatomy Anti Dandruff Shampoo | Reduces Up to 100% Dandruff and Strengthens Hair | Derma Approved Shampoo with Salicylic Acid & Biotin | Shampoo For All Hair types | For Women And Men | 250ml,₹449.00,₹449.00,4.1 out of 5 stars,N/A,N/A,4.1 out of 5 stars,Bare Anatomy Anti Dandruff Shampoo | Reduces Up to 100% Dandruff and Strengthens Hair | Derma Approved Shampoo with Salicylic Acid & Biotin | Shampoo For All Hair types | For Women And Men | 250ml,N/A,bestsellers,"['https://images-eu.ssl-images-amazon.com/images/I/51QuF+V4vkL._AC_UL300_SR300,200_.jpg']"
"Bella Vita Luxury Man Perfume Gift Set 4 x 20 ml for Men with KLUB, OUD, CEO, G.O.A.T Perfume | Woody, Citrusy Long Lasting EDP Fragrance Scent",₹567.00,₹567.00,4.1 out of 5 stars,N/A,N/A,4.1 out of 5 stars,"Bella Vita Luxury Man Perfume Gift Set 4 x 20 ml for Men with KLUB, OUD, CEO, G.O.A.T Perfume | Woody, Citrusy Long Lasting EDP Fragrance Scent",N/A,bestsellers,"['https://images-eu.ssl-images-amazon.com/images/I/611TuNkQopL._AC_UL300_SR300,200_.jpg']"
"Maybelline New York Colossal Kajal, Intense Colour, Waterproof, Long lasting 24Hrs Stay, Black, 0.35g",₹115.00,₹115.00,4.2 out of 5 stars,N/A,N/A,4.2 out of 5 stars,"Maybelline New York Colossal Kajal, Intense Colour, Waterproof, Long lasting 24Hrs Stay, Black, 0.35g",N/A,bestsellers,"['https://images-eu.ssl-images-amazon.com/images/I/61b2tDBxhlL._AC_UL300_SR300,200_.jpg']"
"Dot & Key Ceramides Moisturizer with Hyaluronic for Intense Moisturizing and Skin Strengthening | With Probiotic & Rice Water I Barrier Repair Cream | For Dry Skin, Normal Skin & Sensitive Skin | 100g",₹335.00,₹335.00,4.3 out of 5 stars,N/A,N/A,4.3 out of 5 stars,"Dot & Key Ceramides Moisturizer with Hyaluronic for Intense Moisturizing and Skin Strengthening | With Probiotic & Rice Water I Barrier Repair Cream | For Dry Skin, Normal Skin & Sensitive Skin | 100g",N/A,bestsellers,"['https://images-eu.ssl-images-amazon.com/images/I/619WJI0tjgL._AC_UL300_SR300,200_.jpg']"
"Boroplus Body Lotion Provides 24Hrs Moisturisation 100% Ayurvedic Lotion, Vitamin E For Dry And Normal Skin With Goodness Of Dhoodh, Badam & Kesar, 400Ml",₹203.00,₹203.00,4.2 out of 5 stars,N/A,N/A,4.2 out of 5 stars,"Boroplus Body Lotion Provides 24Hrs Moisturisation 100% Ayurvedic Lotion, Vitamin E For Dry And Normal Skin With Goodness Of Dhoodh, Badam & Kesar, 400Ml",N/A,bestsellers,"['https://images-eu.ssl-images-amazon.com/images/I/612zhIOKqFL._AC_UL300_SR300,200_.jpg']"
Minimalist 10% Vitamin B5 Gel Face Moisturizer For Oily & Acne Prone Skin | Oil-free | Fast Absorbing Lightweight Winter Cream For Women & Men | Non sticky | Fragrance Free,₹349.00,₹349.00,4.1 out of 5 stars,N/A,N/A,4.1 out of 5 stars,Minimalist 10% Vitamin B5 Gel Face Moisturizer For Oily & Acne Prone Skin | Oil-free | Fast Absorbing Lightweight Winter Cream For Women & Men | Non sticky | Fragrance Free,N/A,bestsellers,"['https://images-eu.ssl-images-amazon.com/images/I/51Sy8ktByyL._AC_UL300_SR300,200_.jpg']"
"Deconstruct Face Gel Sunscreen SPF 50 + and PA+++ | Gel based sunscreen for oily skin, combination skin, normal skin | Broad spectrum sunscreen, No White Cast, Lightweight, Non greasy - 50g",₹331.00,₹331.00,4.1 out of 5 stars,N/A,N/A,4.1 out of 5 stars,"Deconstruct Face Gel Sunscreen SPF 50 + and PA+++ | Gel based sunscreen for oily skin, combination skin, normal skin | Broad spectrum sunscreen, No White Cast, Lightweight, Non greasy - 50g",N/A,bestsellers,"['https://images-eu.ssl-images-amazon.com/images/I/51VLdPNtSWL._AC_UL300_SR300,200_.jpg']"
WishCare Tinted Lip Balm with SPF 50 PA+++ - Brightening Lip Balm for Dark Lips with Kojic Acid & Niacinamide- SPF lip balm for Women 5g,₹224.00,₹224.00,4.2 out of 5 stars,N/A,N/A,4.2 out of 5 stars,WishCare Tinted Lip Balm with SPF 50 PA+++ - Brightening Lip Balm for Dark Lips with Kojic Acid & Niacinamide- SPF lip balm for Women 5g,N/A,bestsellers,"['https://images-eu.ssl-images-amazon.com/images/I/710g+cQQxML._AC_UL300_SR300,200_.jpg']"
"Khadi Natural Amla & Bhringraj Shampoo/Cleanser for Controlling Dandruff & Hair fall | Shampoo for Reducing Scalp Irritation | Paraben & Sulphate-Free | Suitable for All Hair Types, 210ml",₹199.00,₹199.00,3.9 out of 5 stars,N/A,N/A,3.9 out of 5 stars,"Khadi Natural Amla & Bhringraj Shampoo/Cleanser for Controlling Dandruff & Hair fall | Shampoo for Reducing Scalp Irritation | Paraben & Sulphate-Free | Suitable for All Hair Types, 210ml",N/A,bestsellers,"['https://images-eu.ssl-images-amazon.com/images/I/61vWAbbZjVL._AC_UL300_SR300,200_.jpg']"
"Cetaphil Moisturising Cream for Face & Body , Dry to Normal skin, 80 gm",₹541.00,₹541.00,4.3 out of 5 stars,N/A,N/A,4.3 out of 5 stars,"Cetaphil Moisturising Cream for Face & Body , Dry to Normal skin, 80 gm",N/A,bestsellers,"['https://images-eu.ssl-images-amazon.com/images/I/61pK4c7UNiL._AC_UL300_SR300,200_.jpg']"
Alps Goodness Rosemary Water Spray For Hair Growth (200 ml) | Hair Spray for Regrowth | Rosemary Hair Mist | Adds Shine | Helps Reduce Hairfall | Strengthens Hair | Suitable For All Hair Types,₹302.00,₹302.00,4.1 out of 5 stars,N/A,N/A,4.1 out of 5 stars,Alps Goodness Rosemary Water Spray For Hair Growth (200 ml) | Hair Spray for Regrowth | Rosemary Hair Mist | Adds Shine | Helps Reduce Hairfall | Strengthens Hair | Suitable For All Hair Types,N/A,bestsellers,"['https://images-eu.ssl-images-amazon.com/images/I/71mOu-ekpFL._AC_UL300_SR300,200_.jpg']"
"Maybelline New York Matte Lipstick, Intense Colour, Keeps Lips Moisturised, 657 Nude Nuance, Color Sensational Creamy Matte Lipstick, 3.9g",₹181.00,₹181.00,4.1 out of 5 stars,N/A,N/A,4.1 out of 5 stars,"Maybelline New York Matte Lipstick, Intense Colour, Keeps Lips Moisturised, 657 Nude Nuance, Color Sensational Creamy Matte Lipstick, 3.9g",N/A,bestsellers,"['https://images-eu.ssl-images-amazon.com/images/I/51Fs39k8fCL._AC_UL300_SR300,200_.jpg']"
"Deconstruct Brightening Lip Balm with SPF 30 | For Dark, Pigmented, Dry, Flaky Lips | Brightens Pigmented Lips | Vitamin C for Dark Lips | SPF 30 for Sun Damage and Discoloration | Lip Balm for Glossy Buttery Soft Pink Lips | For Women & Men - (4 gm)",₹193.00,₹193.00,3.9 out of 5 stars,N/A,N/A,3.9 out of 5 stars,"Deconstruct Brightening Lip Balm with SPF 30 | For Dark, Pigmented, Dry, Flaky Lips | Brightens Pigmented Lips | Vitamin C for Dark Lips | SPF 30 for Sun Damage and Discoloration | Lip Balm for Glossy Buttery Soft Pink Lips | For Women & Men - (4 gm)",N/A,bestsellers,"['https://images-eu.ssl-images-amazon.com/images/I/61RqBeyLnML._AC_UL300_SR300,200_.jpg']"
